8.604641189389723E-5
1.39634936788361E-4
1.920853895908698E-4
2.6079004736675006E-4
8.935104304920268E-4
0.0011818455153139434
0.0012388214497263785
0.001420931264602299
0.0014800721979746775
0.0015116861542847592
0.001560431726303183
0.0015698679383696268
0.001584716083406132
0.0015956056511366276
0.001606303718801347
0.0016212152196545741
0.0016389584274903867
0.0016736701164756847
0.0017157984917105698
0.002030672669245549
0.002448273229974307
0.002462902652375933
0.0025182796599316133
0.0025436750181747235
0.0025503608138050557
0.0025943235568012656
0.0026503557362766946
0.002684485550632441
0.0027070840552147666
0.0027258244052673192
0.002773852938950775
0.002778789299304573
0.0028128223714543135
0.002813598785223817
0.0028289558769595976
0.0028451555316352686
0.002885008783398884
0.0028983161373604175
0.0029092636434496543
0.0029151604242234844
0.0029299164537000314
0.0029352424809916604
0.0029431575630418255
0.0030763009440476796
0.0034414988060688344
0.003528374652914461
0.0035676570105960545
0.003581936016167269
0.0036450074042906795
0.003662667811990154
0.003691748061807295
0.0036945836429432854
0.003774940152925395
0.003779930682729654
0.00381155438334733
0.003985747859388293
0.004058635281027816
0.004084214231566357
0.004117811063949447
0.004139831463208565
0.004144774005263368
0.00417044798365916
0.0041818019466007975
0.004201433073387789
0.0042094973988748
0.00421027591362636
0.004214911481912634
0.004236148199771301
0.004236253760159277
0.004239561613674323
0.004254740671366364
0.004254975020758969
0.004259130466572582
0.004277471523606602
0.0042990335926702
0.004307576193723477
0.004317419728749829
0.004330814668419907
0.004403428215085411
0.004551803729912621
0.004640393401990683
0.0046459688556194775
0.004653454795490788
0.004670001637098753
0.004697380414436993
0.00478386092924169
0.004810882117662695
0.004817691241090531
0.004822214735007291
0.004849724250976235
0.004952906471541509
0.004970176118331567
0.005135949654963296
0.005161188513894826
0.005168396238549571
0.005185519906374184
0.005190723352109354
0.005190980829685936
0.005203504806690388
0.005213945166155794
0.005249117389833768
0.005254294465629666
0.005273777021931193
0.005298806051869104
0.005306980898152387
0.0053342248128086375
0.00535397992662163
0.005364250468509019
0.0053688972865724655
0.005386621159143026
0.005403783530279356
0.005423826570185215
0.00543150243463672
0.005445395983678535
0.005499641967571185
0.00550062503611583
0.005508409783650238
0.0055203458319422315
0.005530030848184853
0.005531674834832954
0.0055336500257685915
0.005559711986967113
0.005581889999880443
0.005590014627126251
0.005594936814914527
0.0055957927906016445
0.005626526703016454
0.0056341816818174795
0.0056480397338643604
0.005658650235791232
0.0056901331889797615
0.005761633845688976
0.005816623394191115
0.0058231001355452125
0.005827539419486687
0.005844491835123067
0.005850961814256114
0.0058864852869927545
0.005891707376165821
0.005904236503201443
0.0059073395431447785
0.005924955178065285
0.0059732375546361445
0.005976793626676205
0.005990794261855312
0.006008272183325739
0.0060700015756853885
0.006075671948472848
0.006082890158665986
0.006087301864696434
0.006106529242453573
0.0061891844903208025
0.006246073504056997
0.006247582337700724
0.006249320174336061
0.006260426900863269
0.006306123105999416
0.006318534013439647
0.006325703197920246
0.006329151772822011
0.006342737427025936
0.006352534859531249
0.006366322863745501
0.006465712068871171
0.006498626048252482
0.006525450830143846
0.006525854401007844
0.0065371590822077665
0.006543101139829601
0.006585279452111637
0.006630099767064049
0.0066743005199365575
0.006680194853938652
0.006698096932367808
0.006702366914031415
0.006717035727986741
0.00673599431694492
0.006736318784727124
0.006736572214485382
0.006757191059951972
0.006759573355109955
0.006761490594358211
0.006770678956813365
0.00677556803317832
0.006783860188507525
0.006785903313283118
0.0067868342952992775
0.006806571320596253
0.006807237213327406
0.006813952823213346
0.0068145993963298485
0.006825768792535205
0.006834180990206367
0.006839399396328341
0.006848817653680359
0.0068576018320027805
0.006865824618304586
0.006866803814711669
0.006867900456486801
0.0068749583869534316
0.006878460669515728
0.006896216900578904
0.0069030010262864944
0.006909558429962869
0.006994590931701668
0.007022276950876703
0.007085160414524735
0.007092768445917826
0.00709348368651942
0.007116554779710036
0.007122233539526078
0.00718525903319154
0.007236786910499928
0.007254330038669693
0.007257319570501794
0.007279910023338769
0.007299635822791409
0.007340939480544558
0.007349621646175861
0.007355404736204023
0.007376461705133037
0.007404526108648865
0.00741540728506077
0.007418622376653751
0.007435334644310286
0.0074381229995291245
0.0074501622899342135
0.0074562394975889405
0.007518399755000029
0.007531799588192747
0.0075323032663121205
0.007596636641006156
0.00763691922988242
0.007649179399063345
0.0077864730252025
0.007797469629627792
0.00782320162419574
0.007835181674255643
0.007839153636074073
0.007876794172381739
0.007924877066149727
0.007925979331861567
0.007938944750079592
0.007940054993145679
0.007949647450603657
0.007971897417150249
0.00800831513280799
0.008013331912944904
0.008032297016193275
0.00803432591265479
0.008036380123290868
0.008045750780408287
0.008068770489532362
0.00806922209477782
0.008111710394495632
0.00813257368276522
0.008132649046559921
0.008151613191112978
0.008167408413271453
0.008170898783858432
0.008173998665385998
0.008178019519052272
0.008183873334677858
0.008184610885511957
0.008195999229672284
0.0081978620995862
0.008204496454305195
0.008215859322113892
0.008218153785864582
0.008224077832832563
0.008239013561320228
0.00828326438032007
0.008303264372614892
0.008304687767631226
0.008315871187709203
0.008379355600089695
0.008386888318471121
0.00841697807388737
0.008424175652476548
0.008436083308202488
0.008443779862440201
0.008463795975541259
0.008472452936054425
0.008481225782313155
0.008510696920146246
0.00851323723868167
0.008523646437502055
0.00860584438326987
0.008657805457872477
0.008671980829445567
0.008687604789407015
0.008699394581171348
0.00870117170854794
0.008715394853443444
0.008732411458065846
0.008748045759074986
0.008748326859419524
0.008764162615984259
0.00879659703653993
0.008811241147989271
0.008816118426587848
0.008848184170222349
0.008859538234197002
0.00893294491667127
0.008954181695069521
0.008967744143221034
0.00901793946172338
0.00903225658434698
0.00907277517150129
0.00917665950476325
0.009219847683707833
0.009265172900733337
0.009280483028097343
0.009287099533734258
0.009294225581210753
0.00931202862974818
0.009324660897961242
0.009331456014504426
0.009348169108418252
0.009368112251182968
0.009378931416622336
0.009397746910665536
0.00940118046161133
0.00940231961611953
0.009410109028582343
0.009412695067923735
0.009426880705546514
0.00943497366210269
0.00943664231515503
0.00944358930015569
0.009453206432996188
0.0094574002126492
0.009463352563269717
0.009472461298086066
0.009474494223205182
0.009480826731858103
0.00949061064295803
0.00950067632137053
0.009504172934103362
0.009511600148538217
0.009513450353858432
0.00951576176571538
0.009518394678780705
0.009541978410217231
0.009546282310038295
0.009557988833063726
0.009575267487104636
0.009583233634280618
0.009584721125566329
0.009588091035371027
0.009589030721364111
0.009619949869196854
0.009654028644412442
0.009691713029816779
0.009691835324430685
0.009698736923982295
0.009700922110413571
0.009705291373447196
0.009717355570348274
0.009731001062919369
0.009744272427605002
0.009747849581266389
0.009756884926529612
0.009760582093672003
0.009766354035805298
0.009780703436552386
0.009810751849784523
0.009826584926528742
0.009852623698803275
0.00985321838959416
0.00985431935029227
0.009870129211288041
0.009887676224568627
0.009900787456214272
0.009915224018282895
0.009921052290544245
0.009925427572215486
0.009969476697326472
0.009970703750375164
0.009980803859055386
0.009981215648401343
0.009993573619716771
0.009997733472124555
0.010006670297887866
0.010030343693584706
0.010032023882965072
0.010040829824565587
0.010045879780605256
0.010063543696976691
0.010066507997525618
0.010075596207577095
0.01011570666611318
0.010123904456186508
0.010132506963741184
0.010141882498355851
0.010146166341385569
0.010157194345064242
0.010172720762919757
0.010180115436582217
0.010201666561768347
0.010208077937705102
0.010219400709614607
0.01025147705091065
0.01025293644758589
0.010261751115358061
0.010322006264721607
0.010325687244646756
0.010326959314066369
0.010335306672597246
0.01036001907042111
0.010371253928223885
0.010371647443932689
0.010395214375177458
0.01039850453213562
0.010430162593065716
0.010462869701965312
0.010474748102377113
0.010487757661446242
0.010495857950737934
0.010512946629839147
0.010523327194506122
0.010549664140777688
0.010559937678437416
0.010570925289514964
0.010637477762714872
0.010641674755711452
0.010648302548191005
0.010651174556372878
0.010669793219945116
0.01069173882636475
0.010698760894323747
0.010727617024397151
0.010729441081583293
0.010749149191533294
0.010784269541351652
0.010787052195504916
0.010804613801347297
0.010807707535692372
0.010811608564353014
0.010821218975372554
0.010823826022401499
0.010831823726640806
0.010856887810425363
0.01087436893256298
0.010884031809388274
0.010901137470453025
0.010924183632972272
0.01095671087873291
0.011002760283453848
0.011002903947247294
0.011005866335342408
0.011023131095903018
0.011060824197881649
0.011087918749047933
0.011095574487894175
0.011097739949054245
0.011101432037939738
0.011107258841253619
0.01111026233268024
0.011118921749198816
0.011131910713243117
0.011146616178561133
0.011214280599515182
0.011214740565304561
0.011222529339386715
0.011225778101372283
0.011272396140384772
0.011289950830121872
0.011293703140406444
0.011307541946229252
0.011322872960550054
0.011338853573804031
0.011343890996234394
0.011354678873485891
0.011356100229663837
0.011357458469382872
0.011360922007836375
0.01145219380444237
0.011457513518849589
0.011475265727239078
0.011492668051640877
0.011505001192180682
0.011509979024866052
0.011513687571295995
0.0115331573501161
0.011533655496377204
0.011535998386502391
0.011546320874020686
0.011549993182880889
0.011555596847167868
0.011578882525980256
0.011603894183574121
0.011625374352032068
0.011644343738717831
0.011685814519164004
0.011690485854459415
0.011692579408987238
0.011733536094907975
0.011815292893606211
0.011827822073756822
0.011842052004208526
0.011853051282237227
0.01186766870849769
0.011876674364171634
0.011889221178657481
0.011894450730664299
0.011901889758590892
0.011907324259654992
0.011907513715553349
0.011921144884623494
0.011921719595373675
0.01195112763003906
0.011954876697176976
0.011958194588881747
0.011959492478025092
0.011969223861596852
0.01197627528832654
0.011985194588888897
0.0119892855980599
0.012011498285818798
0.012012004011135499
0.012021698776001585
0.012027804540946329
0.012031060933871634
0.012041535207155453
0.012059181110178237
0.012062224534963346
0.012067152557941423
0.012072701681545403
0.012091340916513491
0.01209951141164865
0.0121203063887105
0.0121279518722173
0.012129757939537467
0.01215674522498405
0.012162403657034438
0.012169762200995936
0.012171136495343094
0.012180900901526504
0.012188703025368286
0.012188763422272831
0.012190751710520408
0.012191832247467504
0.01221246407387402
0.012218910224986449
0.012220481056800202
0.012224759262749976
0.012225208388536302
0.012227486904328394
0.01223288073373155
0.012258848677637128
0.012270838468941869
0.0122728188172001
0.012275039329658476
0.012279185590059657
0.012295173313601198
0.012299644180413322
0.012303331709347363
0.012324252811182823
0.012328165674834156
0.01232883532001214
0.012332801441762622
0.012339720631221636
0.012343045790976327
0.012354935320011614
0.012361892193557038
0.012364582895070446
0.012366070851841235
0.01236953631659466
0.012377699408152497
0.012398497033408132
0.012407745956258482
0.012421234887307625
0.012423837013407754
0.012451053983392923
0.01247700759367625
0.012477832271489075
0.01248990338976708
0.012503817107821238
0.012505153465045568
0.012571233381557568
0.012578608073330977
0.012594807278162886
0.01261375425997517
0.012616702143541493
0.012627000470462666
0.012629949914886968
0.01263871803897566
0.012651642524815827
0.01269200029041069
0.012710056475174225
0.0127370144541493
0.012741425779677573
0.01275406519209553
0.012768858971259645
0.012771646541872038
0.01277654453009528
0.012783812739726537
0.012816532059224431
0.012846481124530343
0.012860668192347557
0.012888810452752012
0.01288956633543652
0.012948253114983667
0.012969861827694992
0.01298063803843979
0.012984959210100564
0.013003790443621752
0.013021245433392534
0.013032950133298471
0.013033933921817023
0.013047721320028852
0.013067778192220806
0.013077902722209022
0.013082343661689
0.013084398670144033
0.013084916607662258
0.013085485930623019
0.01309156460881703
0.013106580953727857
0.013107225921214273
0.013116820369201745
0.013124226926441315
0.013134553906154037
0.013146534724164034
0.013148714726068163
0.013167109606423942
0.013177501964917617
0.013193400426256637
0.013213518775015979
0.013213805274704346
0.013228043790734202
0.01323511513107592
0.013237064060902616
0.013245315733853399
0.013250570874338794
0.013268267107692253
0.013281673952594912
0.013297345279285768
0.013314070829158751
0.013315237796442583
0.013337258864420911
0.01333996988242528
0.013341917624419934
0.013347732826830732
0.0133632962199609
0.013386925020300363
0.013393791702724079
0.01340973137906488
0.013411327012406037
0.013413160868275445
0.013421242609545758
0.01344780540532989
0.013448893894591914
0.013479941978267886
0.013484912165554672
0.013492167146907468
0.013523239022329272
0.01352617963508118
0.013530833933643198
0.013532863127675576
0.01353612241842973
0.013558617596157327
0.013560747100243607
0.013562539549291175
0.013584707921847777
0.01358562694222051
0.013587331512126728
0.013603626595638947
0.013604160425432539
0.013610187075222319
0.013618707582645651
0.013624653225324974
0.01363320964822856
0.013639122094905127
0.013653051979375592
0.013666839292386584
0.013680030845332623
0.013685203726728226
0.013688632753301788
0.013689341580378414
0.013689971671779813
0.013695374082452146
0.01370731547805353
0.013707588992797016
0.013713315883155998
0.013752480828080723
0.013759580760994289
0.013778951313362972
0.01382417630645401
0.01382820522656171
0.013828581341368752
0.013835335958830039
0.013858484216680005
0.013862414660865621
0.0138973040828503
0.01391079247786246
0.013924628662252097
0.013927932029197253
0.013944320439734904
0.013973837366566374
0.013997538857604852
0.014004719447168548
0.014027914176535341
0.014033714073231928
0.014046644965940845
0.01407977297445761
0.014083926301604491
0.014097044990553113
0.014141568208931128
0.014167089619188862
0.014170610292295785
0.014172016256274135
0.014197052615696237
0.014229162035134002
0.01424130008595905
0.014261433565800601
0.014276129848020885
0.014290224910859102
0.014293461649316821
0.014299510430335189
0.014313300363738192
0.014316099884814278
0.014320565655398973
0.014349605822955323
0.014361500875998924
0.014376498003327966
0.014385591529709772
0.014396381736718587
0.01439869981245138
0.014417487091938823
0.014428789013170538
0.014491106843900932
0.014495780022689073
0.014507958778001349
0.01452163292688625
0.014536780911011299
0.014557350014649601
0.01455976232525089
0.01457416621750589
0.014592696211226577
0.014595520157637437
0.014608568364286811
0.014643342080342231
0.014645487461369684
0.01470536636386008
0.014711209256011264
0.014712779643861465
0.014720657344042948
0.014728577092973956
0.014782016700417235
0.014783981399453965
0.014787878074593204
0.01479694866471936
0.014797374025078736
0.014800678892289807
0.014821473612579593
0.014828044745987925
0.014830637291105406
0.01483561279853916
0.014842127398371166
0.014851610696222386
0.014859201607921283
0.014874923420703706
0.014897053517441146
0.01492675506088798
0.014937945492087008
0.014942706556770265
0.014953790049513985
0.014971618074603123
0.01497397485323254
0.014978677231775235
0.014994496481011713
0.01500236866800748
0.015020821611689225
0.015029543039483713
0.015032384145603943
0.015042915515942968
0.015049981483649222
0.015062632667980668
0.01506730650208459
0.015087745222869934
0.015097636417600176
0.015101850847847561
0.015102110484495584
0.015102323910348797
0.015141065316308773
0.015158893174604214
0.01516027007276199
0.015165692658951407
0.015208047304368514
0.015212052484568533
0.015228642089459682
0.015253744479284105
0.015305307982759628
0.015329941251028623
0.01534603408236227
0.015353164808484223
0.015378480978197695
0.015416357508808707
0.015426980596873986
0.01549010982751894
0.01550651420629101
0.015509049925503492
0.015509425356790849
0.015601030033758987
0.015611799378058407
0.015617843797282514
0.015619919564782668
0.015634226370720303
0.01567169089497785
0.01572586930396498
0.0157339517924407
0.015764446123407244
0.015769065164796293
0.01579573907450899
0.0158140024623314
0.015880325048189495
0.015881927097405386
0.01588675550403536
0.015890814833772568
0.015900572856808334
0.015907679817723227
0.015919955096026308
0.015924900745271794
0.015941127776496748
0.015951246743754234
0.015952639943969532
0.01597175762165455
0.015994330151232014
0.0160171143332065
0.016025700218582437
0.016032115446753356
0.016035263851200923
0.01603758155733749
0.016040050979034368
0.016043889053552654
0.016046452984491776
0.016051390151940483
0.016057485764171497
0.016090871800344606
0.01609400285396448
0.01609774989805394
0.01610493560475904
0.016109709027639477
0.016112186656694383
0.01612159969545563
0.016123990950789622
0.016124751724735036
0.016128078047523007
0.01613039776592748
0.016134724100206364
0.016141497476845096
0.01614498324246669
0.016147749067912335
0.016151313554680954
0.016170505250677487
0.016175129432083348
0.016178187601572604
0.016194829330314756
0.01621069477818323
0.016228983653012768
0.016232903101526072
0.016234359686438875
0.016240346098482385
0.016245656234287403
0.01625812925426567
0.0162716265163318
0.01628474448579524
0.016309796314228218
0.016321251641210267
0.016322792825027552
0.01635012694788758
0.016356093937856333
0.016376663909789556
0.01638128410753328
0.01639179260581925
0.016402346963440954
0.016426171751748
0.01642817292465539
0.016460393515469494
0.01647209761805671
0.016497295095310536
0.01650423171390211
0.01653734779737522
0.01653758746661707
0.01654792345295673
0.0165513586695603
0.01658252522536796
0.016592854464229548
0.016602895172960364
0.016650310305657827
0.01666776531540628
0.01669690327102865
0.016736527728591435
0.016766881646018732
0.01676699307057411
0.016784950864178885
0.016797201621667545
0.01681974770311543
0.01682682120414214
0.016877559249895
0.016884721005329176
0.016886348922225902
0.016903104965731396
0.01690753709626764
0.016920396095381575
0.016921832455343826
0.016937030072518428
0.01697814536746724
0.016982731742188437
0.016998439288553626
0.017036089631285334
0.017054832368558218
0.01705968479721586
0.017065652107500162
0.017087996010483688
0.01708809734912295
0.017097501627630317
0.01709839051787098
0.0171054790069433
0.017127200418054635
0.017133949988201454
0.017142397434304867
0.017153110354113325
0.017163272248596463
0.01716899539318609
0.01717368530044286
0.017186176778465293
0.017194133762060772
0.017197337940717386
0.01719845123597433
0.017225656067490595
0.017226262087620705
0.017239075379810898
0.017254194697983033
0.01725802383824739
0.01727765761451953
0.017278676516157398
0.01727942625879312
0.017281400162041917
0.01730372240004648
0.0173062605244222
0.017310315672478007
0.0173108915027115
0.01733481795679252
0.017345206842749657
0.017345223169367947
0.01737061820212872
0.017371543816883394
0.01738248795772869
0.01738325591383261
0.017389839085993418
0.017396719195661117
0.017408586718524497
0.017421855424061237
0.017425882024057336
0.01743414476404804
0.01743534580803116
0.017435577869250943
0.017444160102640403
0.017454154261264794
0.017456724501697017
0.017462219475207354
0.017476955973859388
0.01748474486285579
0.017511826229020946
0.01755497052623713
0.017556709281651383
0.017561997328474185
0.017573297875054884
0.017589855147880886
0.017632168958814646
0.017637551153499055
0.01764644000811497
0.017648722201124713
0.01770028887011199
0.017732420430573805
0.017745508107833194
0.01774778576582849
0.017788689695328878
0.01781265063173064
0.017824815501658473
0.017835339373725657
0.017839283606693804
0.017857981590312707
0.017869837539327766
0.01787332639213014
0.017889104858461884
0.017894688951586604
0.017896453555311744
0.01789975114836989
0.017912878100719773
0.017934276343262764
0.01793870488310929
0.017951367006451984
0.017969558303280786
0.017974177154987916
0.017997536181094436
0.017999132127809826
0.018071146557686754
0.018075774084802577
0.018077614526174287
0.018086760846252554
0.01809863771228733
0.018104419078480496
0.018121387320901614
0.018146406183688655
0.018165086021904073
0.01817846076660098
0.01822939275638957
0.018241567654472313
0.018248401384337424
0.01828504158714671
0.01830383626615617
0.018308924749341243
0.01830903759301396
0.018314701495952233
0.018319202791170632
0.018327996505517728
0.0183340563808327
0.018337691062378394
0.01836770458744004
0.01836892992314327
0.018381242183777704
0.018384501569556226
0.01839380952451437
0.018403909001479028
0.018444885673421802
0.018444911629437535
0.0184783310881703
0.01847920404932051
0.018506535059500603
0.01850775346379225
0.018516546199657473
0.018533103218871666
0.018535711684513092
0.018552977836364372
0.01858455838889388
0.018620038665098725
0.018623277889283012
0.018632557861764387
0.018637517873017383
0.018646287824390942
0.018653861868250476
0.01866678267345772
0.018668125458252995
0.018668178097406913
0.018684826323434565
0.01868913985428723
0.01869203847918328
0.018704794486821896
0.018730477306207357
0.01875015443081778
0.018794848179641107
0.018823855033744535
0.018840987305612348
0.01884219587221216
0.018872981923933663
0.018874760259322325
0.01887820207718855
0.018883785885684675
0.018887925412769704
0.018901665255509993
0.01892861143794218
0.018960567741876284
0.01897444883882478
0.019001909138255068
0.019021245529437156
0.0190542934866042
0.019060201584961925
0.019067452592616163
0.019077289905029184
0.01910681040638383
0.01911169651508788
0.019122722967104263
0.01912437862582129
0.019126668458239172
0.019131953596312378
0.019133299200151666
0.01915004851299027
0.01915367530921644
0.01915958171415976
0.019163784375057984
0.019184344861156236
0.019196353523565676
0.019230389269705127
0.019231538992796348
0.019243982950094857
0.019259146937888584
0.01927191025985727
0.019281423607301517
0.019299040359262325
0.019331062582912627
0.019343977865078046
0.019381571948358822
0.01938954599165443
0.01940343849705245
0.01941021529256468
0.01941076773820793
0.01943334181359595
0.01945306263777914
0.019478549298533227
0.019488350591357145
0.019497055773571182
0.019518588167403428
0.019557402935886904
0.019567232679673106
0.019579738800817537
0.01958883048061786
0.019616166955497463
0.019618764934361255
0.019622733738399508
0.019632064106647504
0.01966856539897401
0.01967965026039778
0.01969981844819253
0.019710192926524664
0.01971557911070581
0.019716395284782577
0.01973205454600971
0.019737080072784283
0.01975124102894596
0.01975326412301895
0.01975552758136645
0.01976057544711035
0.019770553923865872
0.01977467149801685
0.01978447786594975
0.01979271174808615
0.019801356400174244
0.019804127946557528
0.01981390383213094
0.019826173051403547
0.019835947381534783
0.019871613426478654
0.01988160437087418
0.019881979672195026
0.019883417477391585
0.0198896885593275
0.019902974403274213
0.019905623420941657
0.019905838815187607
0.019906207391794956
0.01991606806266207
0.01992656732552901
0.01993170680653206
0.019933017119180673
0.01994763407036879
0.019955588710074135
0.019964338414637593
0.019972650727921225
0.019974145759741192
0.019977240351867296
0.01999089461367261
0.020001217930542235
0.020015769049488676
0.02003297114218108
0.020033342483733507
0.020035017841765035
0.020056251553596985
0.020069405537068968
0.020074350398251554
0.020086314760095283
0.020094553688407398
0.020108431269766747
0.020112686913927307
0.020124552176324754
0.020137111144100692
0.0201467987335594
0.02015376283499965
0.02018583331565168
0.020191948752970694
0.020205823603675305
0.020214769974506608
0.020230181052909732
0.020257053923862553
0.02026285290436343
0.02027476335592623
0.020285465224911963
0.020296672911731956
0.020318398189640097
0.02035106955377438
0.020358854938096724
0.020399398354680427
0.020404611039411456
0.02041133589041796
0.02041469988797842
0.020417620510606596
0.020426050658872156
0.02043345523063692
0.02043839095714963
0.02045012720868717
0.020464877454275814
0.02046550003898967
0.02047921329785396
0.020502587904090874
0.020522132538353936
0.02053898895075469
0.020541291595447826
0.020542366541575957
0.020543548938447422
0.02056542062907923
0.020565769461510997
0.020566100697037924
0.02058407753618332
0.02062605673334654
0.020654996363031454
0.02066135628459598
0.020691117284938172
0.02069305146153585
0.020702197257375654
0.020705474716087854
0.020716842625080983
0.020737977139983686
0.02077190762875653
0.020774037228726144
0.020798311106336162
0.02080448546522466
0.020809010692210007
0.020814554589139896
0.020818772280380586
0.02086978235597149
0.0208807002312206
0.020882371143070858
0.020882869681505795
0.02090100855362792
0.020910596767373293
0.020919981815504654
0.020927611837100124
0.020928160741119264
0.02093759858887273
0.020941110258485114
0.020941289735504992
0.02095334868321957
0.02097077085184372
0.020983527036407344
0.021014894226595422
0.02101749622190401
0.021036259879679404
0.021046561426575405
0.02107455514814244
0.02107480766526193
0.02107547372523753
0.021076395210596406
0.021095223140224783
0.021106691475863474
0.021134912828821337
0.02114047299696324
0.021141525279129034
0.021143168951738386
0.021144278120444622
0.021149376384862202
0.021172735533856513
0.021174840389318536
0.02117703547596357
0.021179320684821
0.021207835124443287
0.02120877354493127
0.021220137274666123
0.0212283975669013
0.021229596661538706
0.021243699448272462
0.02124595456285552
0.02124923979516587
0.021250804183076014
0.02125923654836306
0.02127480430381612
0.021283489147099287
0.021295156505559007
0.021300446836985253
0.021309553436509313
0.021316058321741112
0.02131992807700672
0.021356339838166045
0.021371012001255844
0.021379770798063066
0.021380659928096884
0.021391818010003547
0.021392768362832878
0.021393376897613822
0.021422373779011152
0.021437204374694353
0.02143997557097096
0.02145723602242935
0.021485798932283952
0.021486987129326764
0.02149597041499126
0.021515907210459866
0.02154350335093946
0.021555853371548795
0.021569752339259188
0.021571904935402997
0.021581132615884232
0.021596088677236173
0.021611181810026824
0.021630512868547544
0.02163752780231957
0.021648979761118584
0.021652192087734463
0.021658347344003088
0.021679117721534493
0.02168255526447193
0.021684479475860996
0.02169333665558482
0.021693834378770347
0.02171511172578249
0.021716478640864248
0.02174922060791099
0.02175137485256566
0.021753889875321012
0.021768391969911947
0.02177057734682964
0.02177383969109031
0.02178532085705839
0.021785495657172707
0.02179549244486502
0.02180092418850129
0.021815331122667255
0.021836226729444554
0.02183896965322404
0.02187962064907577
0.021889053028738933
0.021946635692280617
0.021958451491711873
0.021982266326467485
0.02198380574984319
0.021989191341483093
0.022000352998703825
0.022011246664638735
0.022023999195003294
0.02204821938269514
0.02205604177556914
0.022067715318955218
0.02207156520381333
0.022092716017220123
0.022115633050104062
0.0221157348587258
0.022118100654738956
0.022141110618031905
0.022151532426491177
0.022186767114409808
0.022187973408114296
0.022208366676994287
0.022212112277869317
0.022224692446344663
0.022230663831062227
0.022241148369414356
0.022260503064737182
0.022278087453868473
0.022290286449363077
0.022298783386177492
0.022322119382398413
0.022322665647750997
0.02234500051152103
0.022364173083920223
0.022369722514733906
0.022377160512073717
0.022416347559940823
0.022432748977045364
0.022443889106093205
0.02247523875128864
0.02248335537703154
0.02248892476022119
0.022540219040764402
0.022542638861345474
0.022562400896191832
0.022585009841975506
0.022626871462674978
0.022631180403030846
0.022689458590013603
0.022721572832108572
0.022742487932705474
0.022753959564717513
0.022768573263268418
0.022795923932594515
0.022815414443100784
0.022849247679183688
0.02285795908022841
0.022859206755214977
0.022861550391855678
0.02286253129393788
0.02286605945186236
0.02286681915148207
0.022868856915530065
0.022887370784464345
0.02293039939193535
0.02295365708436279
0.022966128682355664
0.022968401591143092
0.022979319428731392
0.02298273475537159
0.022998964156503696
0.02301648331890623
0.023024992130439993
0.023026730751392104
0.023029476253303795
0.023032309359295993
0.023046021516963944
0.023072903282806534
0.023086815564218436
0.0231016744870982
0.023107270980763317
0.023122413678649714
0.0231365623892899
0.023148660779909087
0.023179468620327544
0.02319113633819194
0.02323056116936001
0.023259047309335038
0.023292713462175985
0.02329406052322654
0.023306726240821408
0.023309870552812362
0.023330422509018366
0.023405953979329295
0.02343341611448889
0.023434802605866722
0.023439149401574783
0.023459298354924166
0.02345947265430879
0.0234761551963651
0.023478903319118415
0.02348623070183234
0.02350037688086492
0.02351083328742889
0.023511742478876385
0.023518439136392413
0.02352974678823703
0.02354209713738909
0.02356334639080565
0.02358102481322818
0.023593540005678332
0.023609546210898544
0.023628719790999727
0.023635478923518458
0.02363890666309107
0.023652290657928454
0.023669212365459637
0.023685252007612848
0.023687300171704805
0.02369222643191773
0.023703478245647194
0.0237117199651263
0.02371972726422259
0.023730058268005054
0.023730368104607713
0.023738445293005967
0.023752543173098335
0.023761807173575487
0.023785753697631168
0.0237916155588694
0.023794555375976714
0.02379612107582966
0.023802024822496767
0.02382514325859224
0.023850030238858105
0.02387403120637979
0.0239402440962301
0.023973079231296823
0.023983029496560372
0.02398895762197799
0.023992069335813108
0.0240084117087374
0.024023977635908994
0.02407392790751395
0.024089235760239466
0.02412851009829991
0.024145103703544873
0.02415889865765362
0.02417490242282383
0.024193720401682457
0.02419908862874126
0.024205530717264317
0.024217774960724567
0.02423426620905962
0.02426280930221987
0.024298601905495307
0.024309676339284565
0.0243186127632552
0.02434622381823569
0.024356529160958543
0.02435900797806443
0.024364571512117062
0.02439899534650569
0.02440762477101104
0.024435537890506856
0.024437818467817802
0.024448115231017125
0.02444910273605601
0.02446135727399097
0.024482971083313557
0.024490380023688633
0.024502008126128384
0.024510282580078046
0.024529497942428733
0.02453648389544585
0.024537299039046587
0.024540882536321487
0.02454531931966193
0.024548019524476453
0.024549163932708774
0.02456005713588853
0.02456485488659211
0.024578461270469018
0.024597717123676095
0.02459818184059344
0.024619990432141726
0.024632367748851434
0.02463942274557416
0.024645680554136108
0.024650566968434144
0.024694454100273676
0.02473051215856456
0.024788578667522605
0.024794115990421247
0.02479676396205757
0.024802715551834824
0.024818358085969355
0.02482339299775428
0.024825855743671126
0.02483013427246811
0.02483958016222761
0.024857404535258757
0.024865676454368584
0.024876077565527375
0.024876264354869296
0.024896817488888452
0.02489776017641713
0.02491671177984834
0.024921744333227133
0.02494733322683073
0.024989022215750525
0.02499129074921751
0.025027295667335085
0.02509257034313864
0.025159389519300634
0.025159767408630726
0.025169190677651953
0.025181137137071645
0.025184127526695254
0.02518734755508394
0.02520736897757662
0.025218932419398016
0.025231216141163176
0.025239418041132257
0.02525815313294806
0.025266677539903144
0.025278150684254687
0.025300173932987384
0.025301123844669846
0.025311602529150753
0.025316226824514416
0.025329278558883176
0.02532993224787312
0.02534010486569347
0.02535712244984093
0.025371446823621555
0.025381877504029253
0.025383837048349657
0.02541300694815636
0.025444496832539593
0.025452229632574406
0.025452840598979273
0.02547852813981872
0.025511603873421468
0.025512483974014028
0.025518004351864666
0.025519343274264583
0.025534673758371748
0.02556705635815549
0.025573002971396763
0.025577703423608742
0.025581692780150624
0.025592255345017554
0.025616379547843293
0.02561817050117903
0.02562573444298133
0.025627494715572675
0.02562802083117585
0.025635217417417092
0.02563699069734007
0.025645567028035204
0.025665416807390096
0.025675519159946827
0.025719221240450698
0.025736017388975574
0.02575378432514061
0.025754469442544024
0.02576533411487535
0.02581313407445552
0.02581981961272748
0.02582031586437853
0.025822747732659163
0.025856628307345333
0.02587334560906645
0.025891029262720203
0.025894265633444127
0.025900844383881138
0.02591166408037825
0.025923289130770442
0.02596883786649753
0.02597190388023201
0.025980361762796944
0.025982905501364995
0.025995586560340848
0.02601313632500897
0.026020680393632367
0.02603158978778794
0.026040770933424242
0.026047919082495784
0.026047979644654995
0.02606699674818228
0.026087698106062755
0.02610908902802202
0.026109740429558208
0.026136984058592695
0.02615284665824041
0.026165335708796665
0.026170081502579698
0.026171743988446763
0.026180265135841648
0.026183396486404744
0.026206749147168796
0.026219942981357495
0.026233317475937115
0.02623570035655004
0.026237379987837754
0.026244499441250305
0.02628731602901603
0.026297701172482178
0.026326201872808836
0.02637500066747982
0.026426015572956135
0.026437037694758636
0.026446639836910663
0.02645430544307662
0.02647253755760236
0.02647602778181154
0.026483217495945142
0.026489789944543953
0.02649427214541952
0.02651836774381195
0.026521125224436243
0.026544035949193197
0.026544272924905993
0.02655021632540472
0.026566645730374448
0.02657074595143377
0.026578905337104452
0.026583431487013056
0.0265949999161389
0.026596210530078903
0.02660014859998501
0.02661273571861072
0.026629448156047595
0.026636333035321886
0.026646656229244062
0.026658455079943553
0.0266827738497407
0.02669285151711017
0.026693955209694226
0.02672130108281087
0.02672994964492529
0.02673449596123794
0.026747588143906396
0.026759358468524976
0.026772380531786256
0.026776235013106345
0.026781774325523935
0.026787107762638
0.02678980419482658
0.02679398481962264
0.026800235877341698
0.02680661773648911
0.026814401545118535
0.026816785655881026
0.02682279477395936
0.026856616344504893
0.026872569872856005
0.026877520554781466
0.026881039693989594
0.026882195278533794
0.026888706710761875
0.026891298288734763
0.026910938875288993
0.026911935910033637
0.026921169724303598
0.02692510647400721
0.026970951864881524
0.02698878722871611
0.02699284461061488
0.02700639748434926
0.027024701969773312
0.027025226609907416
0.027032293231657782
0.027043465890163133
0.027063325405824384
0.027064766392461727
0.027065927714846602
0.0270762011804958
0.027098730124665793
0.027116530360953614
0.027164297019488595
0.027169995183846146
0.02719698644855501
0.027212110320438375
0.027217689174027507
0.027218734130984575
0.02722291113573583
0.027240759928964516
0.02727129701915987
0.027290685031541296
0.02729564414977791
0.027298634967969488
0.027303185064578166
0.02730987410985136
0.02731423103023241
0.02733293675792107
0.027334062387837883
0.027340976807060845
0.0273468876208962
0.02736687468612838
0.02740530474707351
0.027421360726887615
0.027432172203326714
0.027456732247888346
0.027464391216512007
0.027473606056908795
0.027493706961771128
0.02749640782867381
0.02751352595334709
0.027514364083994637
0.027519433028852052
0.0275388938828518
0.027553440929498043
0.027556544453730028
0.027558423125988697
0.02760066535477041
0.027653362895364166
0.027668052255439918
0.027677675548900812
0.027696880986710918
0.027700505641223117
0.027701977305675054
0.02771658725703572
0.027754177090915287
0.027761378363675645
0.02776773765073335
0.027774856863824027
0.027783849642114472
0.027827957644834804
0.02782926466170497
0.027837431102106368
0.02785036917435768
0.027885184732387113
0.027886684302692522
0.027891673107082186
0.027896331958932416
0.027904220086536206
0.027908120883106013
0.027921374613640342
0.027945755397696916
0.027951726882760562
0.02795185196867968
0.027974457751101304
0.027981283133196887
0.028003069895322228
0.02801214565367312
0.02802923737643369
0.028032024661295125
0.028045467242583173
0.028088899611228388
0.02810430995632932
0.028123098501840527
0.028152161928144
0.02818270953113876
0.028195156334393585
0.028235960818333836
0.028258996892599635
0.02826518249603531
0.028268323382322488
0.028292765946573994
0.0282970637720197
0.028307361882703653
0.028327285701899206
0.028360940211129615
0.028425400057627892
0.028436465477131537
0.02845434912672381
0.028457865506824005
0.028498439540179242
0.028506520381719223
0.028513010021654864
0.02852462140412642
0.02854597869781234
0.028566226734419713
0.028571434361692884
0.028576942529223572
0.0285835274817556
0.028606465768626105
0.028617481819286954
0.028630646752898736
0.028647661312137394
0.02865383592774714
0.028667643736596977
0.028684573430758052
0.02868662564519294
0.028710313481367218
0.02871365431315622
0.028717813967768957
0.02871912198805081
0.028725994207665046
0.028732519222603718
0.028734435800764218
0.028742635825950172
0.02875363340434353
0.028759137110190718
0.028769948932254933
0.02877076240061289
0.028772429861897878
0.028773456580041632
0.028776970589016567
0.028779985095396185
0.02879374660880792
0.02879435686978101
0.028801399707945822
0.028805078516908056
0.028806710502085633
0.028828358306767186
0.028837223566595963
0.028849279609795293
0.02885499853984553
0.028855886738441833
0.02886086438814759
0.02888559904380363
0.028889709753365876
0.028902436520650523
0.02891387237863434
0.028924940680310082
0.028928951644621587
0.028941800318382848
0.028951054978535593
0.028965796418349024
0.02897381438497595
0.02899958171222091
0.028999726688868445
0.02901220420222438
0.02902184669315479
0.029039547047099976
0.029043009247558465
0.029058233020765722
0.02906546389365159
0.02909540245430831
0.029110221078553117
0.029119238262223745
0.02912185966256208
0.029130108864783497
0.02914914896265168
0.02917657183138278
0.029192727497115736
0.029196221263282765
0.02920212376098378
0.029205676358689866
0.02920831467433828
0.029218418645249707
0.02922328039843144
0.029225225056135326
0.029236532552030004
0.02924043998301155
0.02924899587839455
0.029276421308429928
0.029309555648430654
0.029309615221437036
0.029309692255889634
0.029320734078646018
0.029330838733231026
0.02934676784709639
0.02935479252735223
0.029376395109806566
0.029384647612146517
0.029384809956289143
0.029388944259903772
0.029391985420072833
0.029417588374979126
0.029462155181909675
0.02950642028494237
0.02950691561310867
0.029510521129726082
0.029512523244431314
0.029516065558428676
0.029546070006431002
0.029549223020879894
0.029557702285613864
0.029578774981534512
0.029605909009221155
0.029607428198610817
0.029613919115109372
0.0296215865222676
0.029623407622585172
0.029629227267089615
0.02963478209032404
0.029653383971580842
0.029675374864006704
0.029679068973831622
0.029680451868794398
0.0297016902587393
0.029710635172441033
0.029743015868476233
0.029754429011043793
0.02977642111509679
0.029781704319997774
0.02978391110051611
0.029805240383048732
0.029807820420398992
0.029823498009549042
0.029835624900834724
0.029842698615230614
0.029851701388127545
0.02986077555256108
0.029867233944588227
0.029867432306906364
0.02987041664491638
0.029881575710038286
0.029889099377352252
0.029889430268401303
0.029925073716428375
0.029953645947574933
0.029959520265184857
0.029965855384892638
0.02996730795357068
0.029972121744561406
0.02997253147255856
0.029981079995788088
0.029995382497200653
0.030010332729261117
0.030024779857630794
0.030101115739276665
0.030114213039924027
0.030150501078611544
0.030181221597941475
0.030188332197287147
0.030207944722821168
0.030212820066095995
0.030224475774119745
0.03023517636833616
0.030237467184950535
0.030276876627822774
0.03027757057165242
0.030288874005047203
0.03031470030636247
0.030326890750226
0.030331613920648044
0.03033983276156972
0.030347704142681335
0.030350936576098265
0.03037533255002833
0.03040614492223927
0.030407777546754593
0.030409450425608997
0.03041831193078206
0.03042161708626286
0.03042984051683914
0.03043076919700349
0.030438936597823645
0.03044545905830181
0.030461390157894324
0.03049627273815972
0.030519919107169582
0.03052046299640521
0.030563967005612952
0.0306128346003293
0.03061762124108247
0.03065015752172936
0.0306512673378449
0.030662261264337614
0.030669184080234092
0.030753200269157354
0.030769400286175457
0.03077726566951976
0.030786474608204904
0.030823999389559757
0.03083329895275859
0.030848635069430808
0.030851572432805292
0.03085634793187833
0.030856985368706985
0.030861024319805176
0.030907794770997688
0.03092298140813223
0.03092834599362056
0.030969999216397353
0.030973035394670813
0.030997717587361084
0.030999402642942507
0.031009131925893173
0.031029801458241267
0.031048839226502
0.03107456841670321
0.031090590742372092
0.031111233556835344
0.031112603469853405
0.031120366533326525
0.031163460341480008
0.031186954350774183
0.031196351562761408
0.03127513505888822
0.0312766512924367
0.03128216220761311
0.031293939112189084
0.03129488311931788
0.031300044419627644
0.031333446456897826
0.03137471355827415
0.031376127433160546
0.03139239801094895
0.03139397485093365
0.03140208029037441
0.03142550983332546
0.031428676772015454
0.03144042682593354
0.031454115980468836
0.031459260017004956
0.03149320499889555
0.03150259409686574
0.03151080894522868
0.03151543903305417
0.03152406387071756
0.0315390357725108
0.031541976929348424
0.0315694153264868
0.03159369143119977
0.0315977620666954
0.031668479566446875
0.03168234116677457
0.03172548952012575
0.031743843715524224
0.03174560291297782
0.031749066453274695
0.031763153916513395
0.031770727039485955
0.03177616468020223
0.03184460463900354
0.031847111753984185
0.031847160513760735
0.031865599928745665
0.03186579620367259
0.03189050906989198
0.03194327014306159
0.03194387142362542
0.03194462744120221
0.03195993929622498
0.03199225055471582
0.03199346279771117
0.03199456286583885
0.03202859346224372
0.032041594381825474
0.03204495629453201
0.032049570252446306
0.03209063978035815
0.03214194934524175
0.03215995102685486
0.032166779901875574
0.032204410265460504
0.032212952710338444
0.03223054059458665
0.03223402464188253
0.03223530428189843
0.032274945596389264
0.03230029202330573
0.032323852856134476
0.03244524996624545
0.03244889917153289
0.032449864352554994
0.03245834212249986
0.032498858685206265
0.032503805198330946
0.032505168963567393
0.032553062171619136
0.032562094903865385
0.03257409304912227
0.03259125992947869
0.032592024894454896
0.032595122218721746
0.03261670714125936
0.03262932046001351
0.03263803818311189
0.0326629952534474
0.03267663835415891
0.03267684242573403
0.03268215628248431
0.032707889280555166
0.03271291979572764
0.032730820250343094
0.03275917298406217
0.032798023957575285
0.03282469339080683
0.03284728307181718
0.03289172039548746
0.032891995417470454
0.032892853506001234
0.032900293196895976
0.03290843226631706
0.03291301075866698
0.03297324083378991
0.03297938013450363
0.032984586482732885
0.03299085942945914
0.03300140285004636
0.03300306326678282
0.03307984658319378
0.03309634961222063
0.03309873340047478
0.03310158340323817
0.03312158384480075
0.03312579532497301
0.03313774259349919
0.03314359467958965
0.03319729252187605
0.03324949661535962
0.033285842567998984
0.03330306616388763
0.03331286335941605
0.033323208922444135
0.03332891574092092
0.03333304560655798
0.03335381020735621
0.033360739456610625
0.03340352904913965
0.03341107194090628
0.03341532571960103
0.03341669176827508
0.03342640165013277
0.0334284369685533
0.03342948929993876
0.03343026544197457
0.033460000125977545
0.033460704207786775
0.03346626777610153
0.033468073859537296
0.03347961653493619
0.03354617903938687
0.03354802154585289
0.03356038026845609
0.03358041932340233
0.033583164577104724
0.033590374309717286
0.03361295699698602
0.033617198045481037
0.03362051893114347
0.03362489069798543
0.03363545624584317
0.03366208646269103
0.033672156171738216
0.03367359285472031
0.03367366786042997
0.03368593368797664
0.03370117175570633
0.03372352884578911
0.03373766704275792
0.0337511856833306
0.033752825108844274
0.0337663899769709
0.03377685421086678
0.0337958109555887
0.03380015496891843
0.03381582641108956
0.03381760597378187
0.033818123807148055
0.0338208140404848
0.03385423153604681
0.03386005217257351
0.033872034566051444
0.03388081964247773
0.0339203694864665
0.03392713392918178
0.03397709071950205
0.03399267925982985
0.03402675568764214
0.034061355589600655
0.03407365221961707
0.03409984649329583
0.0341136920289627
0.034117530083207656
0.03413078184141697
0.03413159198078827
0.034143368348779186
0.03414533475410912
0.034151420369819316
0.034154122903246695
0.03415568639079041
0.034171800572782775
0.03419161790438585
0.03420580357198682
0.03420980170777132
0.034212029077655394
0.03426403723602802
0.0342674394958658
0.034283232703976506
0.03428340771863382
0.0343074071267357
0.03433298264952169
0.034335282743754615
0.034354763238366434
0.0343665892610467
0.034373512870577765
0.034380861993286396
0.034407263427114185
0.0344244253663096
0.03443810350178976
0.034455072394278356
0.03446312124560035
0.034472658297078386
0.03449696341417343
0.03451032869607036
0.034526036657814584
0.03453703929856905
0.034561505417587374
0.03456422706366108
0.03457338293275499
0.03461176298648957
0.034629302983462375
0.03464419807711678
0.03466233883897241
0.03469316296552147
0.034693478891413915
0.034711412576981064
0.03472509946332933
0.0347321669329829
0.034738491310502724
0.03477211599251791
0.03477696467199466
0.034782233597102065
0.034797747786943105
0.03480134161571222
0.034827715570664775
0.034842441902184274
0.03485331334105871
0.0349245762230362
0.03493508915492673
0.034938486295611935
0.03494478823253678
0.034946247772462684
0.03494714527483905
0.03495040021834083
0.03495363551851835
0.03497352171413932
0.03498280391414899
0.03498334779692403
0.034992174573920384
0.03500108498610334
0.035025732191066083
0.035060221598153626
0.03506229323279646
0.035062869811026784
0.03506366730082457
0.03506434858398643
0.0350712136158487
0.035106330712997666
0.03512109990730341
0.03515282377493173
0.03515912374601182
0.03520854835194314
0.03521929677696941
0.03523106254858277
0.03524060257877957
0.03524506388059221
0.035289102373768116
0.03528945804361577
0.03531099298400764
0.035316621931745576
0.035321993326434514
0.03533933940765571
0.03534304394609989
0.03537470126394722
0.03537739134201326
0.03538300362698611
0.03543096555031313
0.03543197182466752
0.035440086891035505
0.03544759426218261
0.03546510787622221
0.03547478567832251
0.035479262110406945
0.03550305868182012
0.03550527878560784
0.03551920212899408
0.03556433703006229
0.03557404661610357
0.03559587469232915
0.03560577301014334
0.03561337941928508
0.035646852593436834
0.035659616926062836
0.03566282163316552
0.03570282525859529
0.03570389478594759
0.035724619683619514
0.035731429529413425
0.03573536499723735
0.03575364450385962
0.03576507036802509
0.0357781427385046
0.035785527992860805
0.035792541889900914
0.03579520825251561
0.03579682195675459
0.0358019944166762
0.0358137051940545
0.03581733710377795
0.03581975718324637
0.03583962429636786
0.03586540320803372
0.03595646841551244
0.035958876222727455
0.03596215514597172
0.03597505866030006
0.03599135402192439
0.035996201692115606
0.03602109456663521
0.0360406239201243
0.03605081949418111
0.03605531818104013
0.036055466849847284
0.03605881979877992
0.03610264091241396
0.03612501653408803
0.036128828500575194
0.03614605248326487
0.03618200136029648
0.03619693745426655
0.03623673307624719
0.03626739815103809
0.03627952083934253
0.03628420807263828
0.03630157396158761
0.03636181820022657
0.0363643374490602
0.03640271292485959
0.036407755014194146
0.03641904044001239
0.03644612965860322
0.03649229087934991
0.03649373773584671
0.036495983066266384
0.03650978059061094
0.036524971293968665
0.03653568260695559
0.03654364538116874
0.036564122412615294
0.0365672689519978
0.03657647797816623
0.036595355748631604
0.03660109220033966
0.03661680595906504
0.03663456255966955
0.036645938326566624
0.036652428334571205
0.036661153707745524
0.03667689400135996
0.03670442267042978
0.03671033257056426
0.03673505732167841
0.03674404703345415
0.03675813138175851
0.0367747129016951
0.036777573541346545
0.03678796605005008
0.03680816909716297
0.03681089885202146
0.03682116556817525
0.03683955127440099
0.0368820227307248
0.036896575370202585
0.036910428391554395
0.03691712798560486
0.03692126665019473
0.03694354483627955
0.03695158991373409
0.03695833178075249
0.03696841188275766
0.036988391796804264
0.03699318012118798
0.037019852004113826
0.03705067503144424
0.037051755812815966
0.0370685661674018
0.03707498475549968
0.03714265203974659
0.03714301197665999
0.037148415132208186
0.03715277651030547
0.03717731045482663
0.03721051871015053
0.03722605764727842
0.03724110605130415
0.037254391270123706
0.03725942421035356
0.03727519414227297
0.03728069203057076
0.03730677992438867
0.037307531379898194
0.037313259806058076
0.03731528816296828
0.03733105368433631
0.03733545857217224
0.037396242713191745
0.03739681960328203
0.037432707076007966
0.03743867269363933
0.037452399087801416
0.03745537236067168
0.03745907847326458
0.03748080214881078
0.03750030159295138
0.03750914183312713
0.03753040319025968
0.037536975160320216
0.037581182617798
0.03759087752037392
0.03762787915246353
0.03765787519528042
0.037658786036639795
0.0376592020227393
0.03767554037965826
0.037694479306077666
0.03770320181473942
0.0377233502783394
0.03772792629653074
0.03774904208032087
0.037754499411848476
0.03776499577998128
0.03778366707391187
0.03778367713614447
0.03782695529755928
0.03782796756902017
0.037846574184067464
0.03785417332547233
0.03788246077851509
0.037901849550561854
0.037907035387137106
0.03791492151037457
0.037930439426935324
0.03795191772639958
0.03796278034275262
0.03796905444584896
0.037993813936781924
0.03801601613432606
0.038021935581258055
0.03803862240240021
0.038045652494717135
0.03808043279703894
0.038120566767124164
0.038121875550524514
0.03812877921024727
0.03812928592513827
0.03813055709018376
0.038166557169870836
0.03816803694833341
0.03817594336269683
0.03820102160459734
0.038224898894970306
0.03824968639828589
0.038261224578307856
0.03826536647494305
0.03833309351677066
0.03833516686778965
0.03833630572976025
0.038349868279909514
0.038357671244145145
0.038362376137978965
0.038408895868678634
0.038435668335453664
0.038462696594006134
0.03849568262585677
0.03850151344349067
0.038537560543668616
0.038582191443951
0.038637602705983105
0.038649864227953856
0.038709215493618734
0.03871892284622788
0.038720996272016264
0.03873340367466054
0.03874864540462138
0.03875334303444231
0.03876911704045054
0.03877109009019393
0.03877265950097698
0.03877965808337905
0.03884850657877691
0.03885132151944394
0.038851668933045806
0.038878101475538676
0.03892096614666631
0.038933037453688736
0.03897907104561743
0.03903644271506781
0.039040006508149996
0.039062113117528434
0.0390683203416499
0.0390868534254987
0.03908824460803516
0.039092979983236194
0.03909668658191102
0.039099526175281535
0.03912679174334126
0.039158582930810974
0.03919936120300746
0.039224794981104996
0.03922563301015195
0.03924203838506068
0.0392664951074114
0.03927033574356193
0.03928779167739809
0.039297516084367434
0.03930750273646436
0.039318544284053854
0.03932617909580341
0.039332510629975836
0.03933712283076528
0.039353026457392616
0.039375460172660026
0.03938597609586113
0.03938842360667
0.03944142382573562
0.03951304558124901
0.03952673016413769
0.03954830675601539
0.03955142035200112
0.03955845547508686
0.03959447757446567
0.03961567524844063
0.039651500602720754
0.03967033955827757
0.03967992257862757
0.03969164640433457
0.039801528274620024
0.03982405379722484
0.039841383878858404
0.03988705779630071
0.03989481587704882
0.03990862080806861
0.039928045575749256
0.03993229887022069
0.03993625404194798
0.039949665147318215
0.03997550503257005
0.039994600125440635
0.04001869019675929
0.04002290119475047
0.04004119216938083
0.04005297542621766
0.040066610490515464
0.040087964062644005
0.040120000782802596
0.040153137744481406
0.04017315281840529
0.040191820973103955
0.04021095111612366
0.04021502458277252
0.040252578991396185
0.040253944876599806
0.04026432418454225
0.04029966072790763
0.040326868332171945
0.04033349059085037
0.040349486839021134
0.040371922326656984
0.04037653101505412
0.040380999763919886
0.040427883230200475
0.04042935779505063
0.0404481561441839
0.040470611774528785
0.040472464256283786
0.04048865864187544
0.04051784893755772
0.04052505132456464
0.040533291270540596
0.04057500462623726
0.04065532782275085
0.04068411259558495
0.040732743049119786
0.04073837299118716
0.04074296248178091
0.040755586741034015
0.04077274833305224
0.040777356415758206
0.04081434280664597
0.04081626734771077
0.040849567292119526
0.040851278250974954
0.04086124232374856
0.04086700593357477
0.040868809150454405
0.04087315957781617
0.04088207440657791
0.04089522243037532
0.04092109567382412
0.040949345533767854
0.040952186610250234
0.04095660980704636
0.04096937274561973
0.04098685362418577
0.04099073046560633
0.04099169917228386
0.040994751418614285
0.040995364991488925
0.04100581790951495
0.04100896787299339
0.04105468132789819
0.041071738690706384
0.04107732581265027
0.04107989900136845
0.041132931356978854
0.041137416539775054
0.04114291094430877
0.04114826708434034
0.041158631628746625
0.04117654040228514
0.04124798961664165
0.041284442577684426
0.04131661973136783
0.041327679183234586
0.04132772174078635
0.041333492353529754
0.041333965261472275
0.04136155955585024
0.041389469936756226
0.04139925185769553
0.041407751319408735
0.041417588833910716
0.041423996163696165
0.04142968995665073
0.04143479326249493
0.041438845431192056
0.04145252452809429
0.04145721778751472
0.041485334459503184
0.041485735027798724
0.04148622966148462
0.041503541496682506
0.04150401678603467
0.04150789346838362
0.04151316265665237
0.04154955338031332
0.04155291724133001
0.0415609873555051
0.04156799142365653
0.04157032622546978
0.04157329006969418
0.04160542833393885
0.04161955249106962
0.04162522452560917
0.04163510353088184
0.041657926453781274
0.04166124284111262
0.041666714296769505
0.04166891710562217
0.04167038156836707
0.041686537307117556
0.04169608296776449
0.0416989474647357
0.04170512780437123
0.041734853658137464
0.0417413676767702
0.041752715651172376
0.04176225530787892
0.04178695597378824
0.04179785231481964
0.041808072813240116
0.041813586243075046
0.04182287874845246
0.04183416810228824
0.04184952692763623
0.0418529453412058
0.04186238693931218
0.041868468044068956
0.04189111351223665
0.04190510712830003
0.04191521332896604
0.04192064417039716
0.041930907228297086
0.04193368284067379
0.0419366821761822
0.04195071005384067
0.04198651751613384
0.04201373063889289
0.042024172095017354
0.04202455964672231
0.0420379772499086
0.04204067803829607
0.04204478057440838
0.0420556580572032
0.04206034214754206
0.042066426757514194
0.04207466538421012
0.04216510517162385
0.04216596109433397
0.04217469423004997
0.042186747371145965
0.042193628038722626
0.04220166452464824
0.04222410093418816
0.04223129483572093
0.04224957935455318
0.04225903650113068
0.042259400992281544
0.04226577403266593
0.04228422775554501
0.04229141290500883
0.042293827197713414
0.04230974705263347
0.04233013241685775
0.042365326854447743
0.042368144257831704
0.04239390545317913
0.042405474319188
0.042421415139746906
0.04244342845494838
0.042449580558688395
0.04245280152472584
0.042497589833289225
0.04251795333622503
0.042584808755106986
0.04263077330109681
0.04266226376265361
0.04266976546567385
0.042691341029450894
0.04270173547602377
0.042708027156208
0.04277423444152771
0.04281151242085994
0.04282424202524496
0.042835379777040404
0.04284515997503353
0.04287168109869337
0.0428786402775867
0.042894275192169366
0.0428952290974282
0.042906269048188214
0.04291627313834107
0.042920617854151716
0.04292866118864147
0.04295400872826303
0.04297269946198414
0.04299150421459946
0.04299317760911979
0.0429949451291657
0.04300880329077326
0.04302270767457093
0.04302419369944858
0.043052100890428366
0.043066945127688765
0.04308646672590119
0.04309033966532092
0.04310339345787551
0.04313907789888341
0.043146353794890235
0.0432365542875953
0.043269860734743905
0.04327697150024977
0.04331870406061605
0.04331994710073757
0.04332248811245934
0.04333831299608185
0.04334306080305265
0.043343705672782416
0.04334834251247031
0.04335239922282512
0.043400737828161506
0.04341249623410853
0.04342345876293746
0.04342828902624131
0.04345544760195338
0.043456650706826375
0.04345674047308208
0.043505270357837696
0.04353252488936065
0.0435613411935198
0.043565690344643394
0.04359985889630588
0.04364869898306043
0.04364907630621943
0.04367693610776015
0.043694493409292615
0.04369488582519755
0.043698090125867395
0.04369854222909492
0.04371176266510726
0.0437211825203981
0.04373620257295176
0.043737776777921664
0.04374742724195486
0.04375119226290326
0.043752755742563626
0.04375856993985134
0.04379214569455361
0.04379680839481165
0.04380665612501064
0.043812929954068894
0.04381433830232624
0.04381908022189397
0.04382420442591965
0.043845512966731566
0.043864097176742285
0.043870276148703966
0.04388100831854165
0.04389528625948857
0.04391436558278551
0.043918726168027195
0.043919458461453356
0.043921419875483175
0.043940176197865895
0.04395339388429125
0.04398298717167912
0.04399301233848182
0.04399445791757763
0.04400812731791214
0.044015140059549186
0.04401704998885418
0.04403451454674971
0.044039398194407116
0.04405078869749256
0.04405528342853786
0.044077796028423905
0.04408954737407724
0.04422101215199752
0.04422742859469475
0.044281750529184614
0.04431019152693159
0.0443222259270192
0.044345832391198804
0.044347872999250366
0.04435393527436058
0.04436831487992646
0.044371154420657415
0.04438421742174289
0.04438564503982676
0.044392592559762
0.04442599167174213
0.044426857684380275
0.0444574965824794
0.04446058382392975
0.04446061216725298
0.04446617976033972
0.04446914205880842
0.04449023157279181
0.04452119037380739
0.04452264146194569
0.0445358830432605
0.04454343142580871
0.04458094248155919
0.044627338133409626
0.04464251600327776
0.044669810868087974
0.044683619580787634
0.04469937209485227
0.04472205088687177
0.04474539393497277
0.04477536922671348
0.0447904174272073
0.04482414226475998
0.04483495613803029
0.04483569538784069
0.04486741929360514
0.044885329446796754
0.044898879513260555
0.0449124832290306
0.04491712474372333
0.04493084704872806
0.044933580685640725
0.04510569784000916
0.04511063467394428
0.04511132581798569
0.045135061011216594
0.045164407844046996
0.04517090533256359
0.045186111119671024
0.045223538773423805
0.045234422748364214
0.045354366431015716
0.0453569451020322
0.04536072889158801
0.04536251310902214
0.04537113056043344
0.04544872670578406
0.045456444999216236
0.04547079110126193
0.04549085055931455
0.0455471156586403
0.04555466677428782
0.04555487865116272
0.045614086778040644
0.045619507285145626
0.04562256299708531
0.04566169617510868
0.045683782801306506
0.045703798483023424
0.04570974562784716
0.045732745809497904
0.04573467390655837
0.04579483657418396
0.04581206297730855
0.045823528460599075
0.04582639891536586
0.04583005755131148
0.045840475701610324
0.04584942057112871
0.04592983759558875
0.04595898174006037
0.04598749359728674
0.04600341137950397
0.04603829966192947
0.046042952371405904
0.04604637652926977
0.0460521744752003
0.04609938222899818
0.04610305057862848
0.04615272919491957
0.046175604867551547
0.04618037763428812
0.04619434814760928
0.04619555719457475
0.046198011078728854
0.046218797346375934
0.046258268676774905
0.04626873840985573
0.04628738677841139
0.04629602755090742
0.04629709181135611
0.04629967826320728
0.04630461759067735
0.0463252204565965
0.046326980088336495
0.04636303366172749
0.046373016611526575
0.04637925565954105
0.046388796528048226
0.04639373643154337
0.04640737360341634
0.046408658229982934
0.046411445353283294
0.04641154717299524
0.04641534975279602
0.04646789580251936
0.04648118083837885
0.04649983122601174
0.04651255866023411
0.046518030564920695
0.04652260918820195
0.04655579854333374
0.04656527072215745
0.0465747105070571
0.04657810117669645
0.04659106572795698
0.04660533392740091
0.04660587937903131
0.04661062416741738
0.046611854687592144
0.04661862475938111
0.04661955864857955
0.04662549003445397
0.046639764239832716
0.04671461935276545
0.04672076768217858
0.04673937397831118
0.04674102095535053
0.046744801793230845
0.04674551830190162
0.046797591512066715
0.04680728453946893
0.04687180818714606
0.04687360136433331
0.04689708327717
0.04691310344137209
0.046916048979096465
0.04692446519321709
0.04692458843676698
0.046933262279734565
0.0469362799556096
0.04701960617195046
0.04705764784319379
0.04706943020273008
0.047081310993374585
0.04708984462541065
0.047093418741653736
0.04712135449951971
0.047137873851819966
0.04715032966929549
0.04719401598098521
0.047222163075909776
0.04722540437821884
0.04725693441850505
0.047268094546605965
0.04727732873354294
0.04728016829940437
0.04732540338958044
0.047329902112475876
0.04734844689567684
0.04737490051975923
0.04740048911674971
0.04740309681678991
0.047447977533930125
0.047470363049495146
0.04750246928905186
0.04750390356259369
0.047506364353735384
0.04760158819755746
0.04760598921342234
0.0476482504563683
0.04766056577443101
0.047725406069466375
0.0477552955489456
0.04776863782711148
0.047789162008857675
0.047796407549279114
0.047812648856438045
0.04782703976186405
0.047877249014389736
0.04788956244662074
0.04792646524365197
0.0479291128323363
0.0479296732065083
0.04793609829447591
0.047977860629628194
0.04797963693882564
0.04799592042704553
0.0480150402697338
0.048050587817546966
0.04805931751991717
0.04806456568328769
0.048065558773335695
0.04807039604948314
0.04807357545777945
0.048083810220841024
0.04809137795490009
0.04811728355594559
0.048128251751252335
0.04813671040225566
0.04813982060120575
0.048143910654159426
0.04814695656837764
0.048152124212348955
0.04818613286298393
0.04818922950558456
0.0482080496778673
0.048210562680477326
0.04822259477844053
0.04826900423459117
0.04828057023109491
0.04835537417054802
0.0483654076193793
0.04839246551404885
0.048393593911202536
0.04839622791783817
0.04840943500503369
0.0484103578159932
0.048415586125112445
0.04847228583745883
0.04848759736857854
0.04853481662924757
0.048541581626125395
0.048543675720776176
0.048548845884397125
0.04855209667554566
0.04855693252168768
0.048619870388456804
0.04862956495242157
0.04863113152938645
0.04863140142024036
0.04865023808660642
0.04865185888092443
0.04869598472229919
0.04870785723235687
0.04876460884114113
0.048820888928287856
0.048870352258419646
0.04887847815870731
0.04888794644997653
0.048926348126359466
0.048947678872683524
0.048982479463801534
0.04899220942089065
0.049008958518581516
0.04903064737218767
0.0490340727936175
0.04904121412167848
0.04914371493067186
0.04918632045676765
0.049188960732320236
0.04919901393857544
0.049222900808645303
0.04923384141391778
0.04928306354282775
0.049283933846504924
0.049300198064874776
0.04939952001603703
0.04945398178835056
0.0494706318795855
0.04947092366624607
0.04949556550059107
0.04950003340791165
0.04950136343643813
0.049506411901937566
0.04951610229161578
0.049531521723975264
0.049539541300143757
0.04954271263567567
0.04954874639145165
0.04957620397098918
0.049614288942582775
0.04961642909387782
0.04962697144200143
0.04964457524134769
0.049683081662010777
0.04971255841802312
0.04972209089282379
0.04974487992788923
0.04976378194248448
0.049803221445509485
0.04980732725016908
0.04982002902132132
0.049834597494452224
0.049844243357370754
0.04985100745480622
0.04985980086240409
0.049861692075186835
0.049862084665353586
0.04993654863486564
0.04994251193660963
0.04995080533471222
0.04996675340202848
0.04996985637581988
0.05000379535654439
0.05003971547355533
0.05006555251077542
0.050069612188720636
0.050075355525852676
0.050132781011776845
0.05020373555445904
0.050212870149752016
0.050223957611970196
0.05023887333865546
0.05027349482131057
0.05029792584692901
0.050315722026858405
0.050436278940047735
0.0504913902261354
0.05049665828895281
0.0505038633799058
0.050510174000364165
0.05051429534858036
0.05055462249859056
0.05056867874921231
0.05060958063998416
0.05066149124987123
0.05069963213333431
0.050706787910169686
0.05075863497530303
0.050765366622003705
0.05083930113153021
0.05084279688835819
0.05084971104241543
0.050851299659196096
0.05092684355371651
0.05096145588422364
0.05097235470837373
0.051001889557123176
0.05108184652311047
0.0510905148169139
0.05116323209076966
0.05118755282759019
0.051198122483929395
0.051213572092655105
0.051228241450779304
0.05123108604770172
0.051257175113413565
0.05126124938665365
0.05129385939341253
0.05135545518409208
0.051421047415436565
0.05147601145073405
0.051481822307982705
0.05149007875952665
0.05151631827398023
0.05153947999335944
0.051556693248004756
0.05157229400847742
0.05158333832258943
0.051614222297959415
0.051637353968473194
0.05166590303581226
0.051694036316789045
0.05171537944245325
0.05180167581277018
0.05190390586605388
0.05194101137524006
0.05198704669073729
0.051998191644754034
0.0520041508849214
0.05201511027353688
0.052025391679318723
0.05203013691653951
0.05204373299407089
0.05204901597334197
0.05205146646377752
0.05205373750815807
0.05206064049834853
0.05209087725024492
0.05211394873304112
0.05213149840413977
0.052140890247642915
0.05214139693369355
0.052155601479264915
0.05220389173164915
0.05221983412924064
0.05225113931723782
0.052260051177119196
0.052262722616677734
0.05226962744735655
0.05227663845724291
0.05231617972250455
0.05232233755478758
0.05241947580491416
0.0524309889404511
0.05245273012794368
0.05246029170127962
0.05247178478147692
0.05247185348039344
0.05250625405786213
0.052518264301379354
0.05258412525318364
0.05259815612743149
0.05260079084347032
0.0526023919836957
0.05265191577772929
0.052653257532552136
0.052677435628201444
0.05268076534962378
0.052694138207716026
0.05269700319072625
0.05269861828062103
0.052709519653654856
0.052721028558432005
0.052721375985039926
0.052724350434339665
0.05274080790625012
0.052788461843664106
0.052790629709322016
0.0527965049431748
0.05281215799205732
0.05281412919126588
0.05287154006197257
0.05290612733145094
0.05291056187263587
0.05292496866235739
0.052951111152634296
0.0529640680122058
0.05296890879175637
0.05304121529945115
0.05304957994931663
0.05305108056812161
0.05308272109570158
0.05316918672363942
0.05318842005700103
0.05318974858894565
0.05320278373484957
0.05322902064499739
0.05325004077137811
0.053260184610409995
0.053281706983303034
0.053295461010459094
0.053325172089032605
0.053364627908815805
0.05344407861884746
0.05345536850879341
0.05351756272733427
0.053519674145574896
0.05352845693359887
0.05358396876015912
0.0535955465291243
0.05364579460871556
0.05367726508827806
0.053724052048041294
0.053725825340932294
0.05374745914659856
0.05375997675027506
0.05376362559007055
0.053767938885894956
0.053783023444714716
0.05378479805017069
0.05379904947852926
0.05381212271050964
0.0538131790997691
0.053833900335763615
0.05384836801847702
0.053877917648688184
0.05389263892599324
0.05390343254799398
0.053939600752710405
0.053956925739639776
0.05397978864553922
0.05398928627689781
0.054013194213612045
0.05402212489608191
0.0540795924816589
0.05409107306676772
0.05409355790449979
0.05410502953490212
0.054109921314118514
0.05411413687316362
0.05415169514402354
0.054170356481230066
0.05417910617361111
0.054228682430118975
0.05426095777127549
0.05431039176579069
0.05436608685239747
0.054376353713739584
0.05437933475343303
0.05443379857453015
0.054451301329435285
0.054498587780360916
0.05451069005204878
0.05455732231791814
0.05457498196444924
0.0545925741164356
0.05459361751254631
0.05463258324039794
0.054633990296839845
0.05470017994289698
0.05475230869236909
0.054764401879503426
0.05482273080653573
0.054828041009062425
0.05484527397321167
0.054867529809768834
0.054883659173740745
0.054933330492766115
0.05494982684629399
0.05495583035912056
0.05495740493083397
0.054980484273014954
0.05500098990531448
0.055058397363423606
0.0551072868305944
0.05516202154849579
0.05517565839972307
0.05518693298513037
0.05518738442404756
0.05519439446120727
0.05519632340217844
0.05530196639623033
0.05530713327164343
0.05531237224537234
0.05531886172597625
0.0553410230438201
0.055352595010090884
0.05535976688706943
0.05536214956027485
0.0553673765690712
0.055368575551099496
0.05537869962701115
0.0554009924526884
0.05540937585355497
0.05541177342552992
0.055448544873502856
0.05545776722513669
0.055458684304118475
0.05546396749903506
0.05549220745179386
0.05550122313206463
0.05550797489489993
0.055535359199821624
0.05553689045955665
0.05554649020151335
0.05555575572903116
0.055555870903800784
0.055557954520959366
0.05556613037430997
0.05559974584155513
0.05561445070822813
0.05562327864916564
0.05563091123689694
0.055638838076425064
0.05564610988045027
0.055670732293007105
0.055682559573484884
0.05571357788100893
0.05571406724464257
0.05575875517849028
0.055760832478160764
0.05578211182000771
0.05578387439234899
0.05578871693357328
0.05580166855105105
0.055820666402051425
0.055830536078943484
0.05584442287357953
0.05586395268604975
0.05586835105575071
0.05588375946760133
0.05589372179798893
0.0559039952841771
0.055907198349032385
0.05594134471353779
0.05597490855197699
0.055983343418304236
0.055992919227389526
0.05601033473771941
0.056015729640021265
0.05603952670098742
0.05605064959862003
0.056054812817495595
0.05605661693569983
0.05606087753301089
0.05607407876736072
0.05608680990004091
0.056090998386933405
0.056091590041507725
0.05609906692734633
0.056103352792947675
0.05610505132430516
0.0561067422278544
0.05610915652595155
0.05612033951313767
0.05612410246523629
0.05616456846297379
0.05616962726921705
0.056170555737654206
0.056203773131694106
0.056242754555505696
0.056257373932805395
0.05626081393193534
0.05628405090531136
0.05630291372763648
0.05630391695207283
0.05633267299067193
0.05633893599506522
0.05633995870031101
0.056385531396047774
0.05639126824317192
0.056391807703474656
0.05639195660336535
0.056393803611661485
0.05639731218884227
0.05640581264331075
0.05641865281388615
0.05642294558896728
0.056448384166604734
0.05645835118989055
0.05645886605801667
0.056469614599169875
0.05647825222837751
0.056487302542133924
0.05648816837683104
0.05649514565623782
0.05651284138647177
0.056514540387342944
0.05652157977796431
0.056527218693689166
0.05655808953788711
0.05659050965745639
0.056601489160776404
0.056606003994039256
0.056609558532931564
0.056620054369336065
0.05662342598681097
0.056626851227798404
0.05662733730720102
0.056726524077850705
0.05674847572490775
0.05676716100686027
0.05679217809523946
0.05680245444037303
0.05681162510425603
0.0568148352718916
0.05683416807133689
0.05686412543970214
0.05687469683646159
0.05687822322184078
0.05690959708952615
0.05692314767296009
0.056946667550157475
0.05698366965207396
0.05701272090415757
0.05701876534031713
0.05702346598381267
0.05703319580540125
0.057069944850203225
0.057131715092846265
0.057215816670743685
0.0572187101232056
0.05722695740351567
0.05722779738287264
0.05724461953701097
0.05731285068426777
0.05731621503118869
0.05734496741719785
0.05736145220230966
0.05736368551514588
0.05737708442945084
0.05737841697209642
0.0573844704249798
0.05738967516763471
0.05739906497442116
0.057402867863608556
0.05742907852974709
0.05745862765649957
0.057461735279617066
0.0574751818941148
0.05748915198567037
0.057493271117423764
0.05753001777099634
0.057541837416624664
0.05755761386262077
0.05755948388054469
0.05757605113207219
0.05758397613493481
0.057607376485534066
0.057620560232266554
0.05765440552258068
0.05766365696685759
0.0576754319565452
0.05768813753573209
0.057695457141667135
0.05771839432646869
0.05772043289908698
0.057762853428364375
0.05777229762279409
0.05779669802541786
0.05785592070064302
0.05786366981735508
0.05787004339684771
0.057906429504287746
0.057919262667218085
0.05792645895027957
0.05794743277499817
0.05796549490979998
0.05799352356401959
0.057995806666519455
0.057999623964716064
0.05804716055776633
0.05804728491580563
0.058048096315549184
0.05805567715160485
0.05805929581910838
0.058073478774491226
0.05807398081439879
0.05808751787235906
0.0581155636293189
0.0581375580849554
0.05814749377827042
0.05818198564862893
0.05819364746677337
0.058195521466036376
0.05821258065027512
0.05821497860556349
0.05821568773658661
0.058220066939093186
0.05823582417977888
0.058291254864643434
0.05833415687539432
0.05833867400276517
0.05834201090955905
0.05836958178052578
0.058390284051963615
0.05839443087978206
0.05841704182025079
0.05841850565354043
0.05843580374979463
0.05843665941721163
0.058439964279012345
0.058460802192797715
0.058474764854899414
0.058487842430994336
0.05849051571871381
0.05849626801010641
0.058505640092135415
0.05851035407319662
0.058553863799866206
0.058565509476765434
0.05858921502856925
0.05861927183595766
0.05865951515530484
0.05867079440501766
0.058688727273823627
0.05871201220211428
0.05871303151891227
0.058714007972930145
0.05880164502725658
0.05883290190865994
0.058835166945969825
0.058839053377253765
0.05884736072724661
0.05887297494521384
0.05889036385865995
0.058910275163254214
0.058927214501377286
0.05893165281106808
0.05894396342314293
0.058955280495044615
0.05896017306581965
0.058962457319229715
0.05896846381485441
0.05896981585752386
0.05897314524022802
0.059000336333524195
0.05902101642033612
0.0590278841666458
0.0590382227440878
0.05904083778578395
0.05904778424097814
0.05905533860245756
0.05907861745310546
0.0591012523225239
0.0591233379723269
0.059126467003925785
0.05912732641188014
0.0591467678585185
0.05917698789612598
0.05918307272196056
0.05922643525599737
0.05922775434471233
0.059234728500611844
0.0592672507219189
0.059295955076990585
0.059308025344653625
0.05932337104800834
0.05932801397643446
0.05933489437780695
0.05935087465225942
0.059353189401763914
0.0593626554393016
0.05937397921046176
0.05937931171413679
0.059389098622125075
0.0594004294674101
0.05941194966016028
0.05942396298440851
0.05942810999899234
0.059433013824127585
0.059449568086393435
0.059462765722431594
0.0594743075561489
0.05947606397917164
0.05950453782681669
0.05952533482337513
0.05953981242272253
0.05960223043583286
0.05961108165878047
0.05968810109390188
0.0596906859638148
0.059691002150814604
0.0597074099026312
0.05971092961366157
0.0597373014602501
0.05976017441034377
0.05976329928516585
0.05977311160462108
0.05981531073763974
0.05982198507173905
0.05982697480919896
0.05983577708163269
0.059836073753822584
0.05983770280994413
0.05984157876533994
0.059886366112071876
0.05990140021962211
0.05990148889184608
0.05990347375381442
0.059923746454498515
0.05994100678473221
0.05995049223234456
0.05995761732883405
0.05999412053056039
0.060049323380976426
0.06006795453765238
0.06008544642357234
0.060110476636533086
0.060110711591978686
0.060116285646610104
0.06011891102863852
0.0601194929567578
0.06011998501679977
0.060149251265954294
0.06022641399078134
0.060226860458381534
0.060242988670265174
0.060246558346283396
0.06024727264187169
0.06028489771688159
0.06028941334043282
0.06034229750393419
0.060342404421421664
0.06035738712294357
0.060358340133349335
0.06038572263283771
0.06039890802999152
0.060426485903087884
0.06042819751584581
0.06043662825309735
0.06044813673047193
0.06045928463611913
0.06046374482855891
0.06046671705889446
0.06048398314795432
0.0604900528024936
0.06050221722479306
0.06052630809132305
0.06058817654971059
0.060642903429302134
0.06068422685779569
0.06068648312800057
0.060698665856628746
0.06071509855202584
0.060732304095084635
0.06074187627241144
0.060753546568879165
0.060774281785481915
0.060829423083598975
0.06083467002345276
0.06087573083284112
0.06089642353150571
0.06090455093506597
0.060911266870882545
0.060917126637793875
0.06093420610701587
0.06094411826142887
0.06094764240890196
0.06097554481010736
0.06098660413185544
0.060991696909764324
0.06100806819102812
0.06101216535517249
0.06101231365053428
0.06101613357045223
0.06102705511850266
0.061039648032747015
0.0610439760941217
0.061045637477001535
0.06105604819005735
0.061072929172093136
0.06108943728295668
0.061116558554183784
0.06113094993589786
0.061150943425100364
0.06122609382323538
0.06125452763318913
0.06127081329704564
0.061313801241614584
0.0613169572846803
0.06131723405327457
0.061346176132895947
0.06134959102968599
0.06136627930750207
0.06138916687894636
0.06139321214466129
0.06140293977780669
0.061407422858243105
0.06142691078751481
0.06146751992362979
0.06146782456835044
0.06147133028905575
0.06147304599048117
0.06147602004840607
0.06147754680150423
0.06148725306499134
0.06149038701010866
0.06151113409504479
0.061562154973009604
0.061567685757095224
0.061576897938144415
0.06158431223386021
0.06158869965191954
0.06159240143850843
0.061593033740117833
0.06160451799136862
0.061627285204161254
0.06165129285181784
0.061670378561198606
0.061676224964533205
0.06167799734875611
0.06168457996957481
0.0616938778009991
0.06173311242182949
0.06173603112136041
0.061758698961656505
0.06176711834138232
0.06178726241491709
0.0617896082673718
0.06180194981221309
0.06180990888720453
0.06182327488884785
0.06182673696025763
0.06182695500113254
0.061846802319643124
0.061850993655053324
0.0618533004690726
0.06186012035252067
0.06188175666459018
0.061885737729047555
0.061885869143885254
0.06189883224204301
0.06190807487065915
0.06190981301221418
0.061919363787263
0.06192824723253344
0.06193022330021951
0.06193788422924813
0.061939314116644016
0.06194675753134125
0.06195041131123731
0.06196159127664195
0.06197882583383712
0.06199535121338698
0.06200366600076501
0.06200466712522984
0.062006240102597907
0.06200835101534975
0.06202250846058582
0.06203499369176736
0.062041445718863546
0.062046716713500524
0.06208718767263052
0.06210525418025048
0.062131789077196194
0.06213818293573097
0.062141441082841024
0.062143399826285785
0.0621504448595898
0.062160567334212075
0.06218701716174485
0.06218715455674281
0.062192832293788636
0.0622054144450587
0.06221706453863312
0.06222483805543843
0.06224158567829212
0.06225443720911487
0.06227944499193472
0.06229063662527478
0.06230405301795611
0.06231177053650243
0.06234860954457219
0.06241983207004349
0.062466434925351935
0.062487798445436574
0.0625039125065546
0.0626241621216692
0.06264544052312032
0.06265433237730728
0.06267991080017564
0.06268919997029947
0.0626955714398857
0.0626982651638476
0.06274084533832924
0.06275054071551395
0.06275959348336092
0.06276026902122753
0.0627705628513321
0.06279996897097669
0.06281354377183015
0.06282305657689823
0.06284827140592372
0.06284926866044342
0.06285409064727324
0.06286183267109847
0.06288437645111997
0.06289378110471466
0.06289620663464983
0.06290022041228276
0.06290509812457153
0.06293707944170139
0.06295309473348296
0.06295458110739592
0.06299124741127489
0.06303923697496754
0.06306154306218799
0.06306814900103705
0.06307364792925581
0.06307460248927169
0.06307497879383422
0.06308279841781346
0.06308881066565361
0.063128499125202
0.06317773271742348
0.06319366710270845
0.06319644183278696
0.06319697363480976
0.06321797450897967
0.06324044262139893
0.06324708525053127
0.06326122006216023
0.06327374987091465
0.06328654575009747
0.06329189628459458
0.06329335809893397
0.06330228622479808
0.06330470777524541
0.06332367730715223
0.06334331604240752
0.06334654467432171
0.0633992183602924
0.06340585414455124
0.06340764939686393
0.06340831466358597
0.06344980151312991
0.06346069356831725
0.06346342141280659
0.06349640297842139
0.06350220860249105
0.06351270399838858
0.06352144243013164
0.06352327927283234
0.06353301786610395
0.06354240226272671
0.06356957643748139
0.06359676575216744
0.06359838011185587
0.06361258571557306
0.06362226955703616
0.06362231441320677
0.06364306258985471
0.06364354699553858
0.06364895634116624
0.06364919828234351
0.06365345417792531
0.06369142609850027
0.06374898373792177
0.06376210803810883
0.0637853235967936
0.06379106376265406
0.06379160966219678
0.06382066852522829
0.06383253919489457
0.06389128530794112
0.06390560233739837
0.06392764317814792
0.06392852625257113
0.06394585448208993
0.06396062563687908
0.06396357772796576
0.06397935503226417
0.063979971819447
0.06399120566524033
0.06401678573142738
0.06401753418298287
0.06403026581324624
0.06403319121831014
0.06403620140261163
0.06403935478908285
0.06404758305827984
0.06404845006764558
0.06404857808990846
0.06405437293507789
0.06408179929750503
0.06409595972785133
0.06412299129132086
0.06415533477787641
0.06416914299062099
0.06419756494653367
0.06419923966110234
0.06421013110131697
0.06421120003862067
0.06424205477722783
0.06425653621072466
0.06431085210211213
0.06433471875262806
0.06434619209504121
0.0643533548691869
0.06435992444568955
0.0643805781368807
0.06439815950813653
0.06440145511966243
0.0644184934548237
0.06442335972616037
0.0644293320729379
0.06444507443978784
0.06446026234304883
0.06446527557789003
0.06450921106591066
0.06452416573857973
0.06452859333528323
0.06454477245201921
0.06454943011359417
0.06460020455686542
0.06460966149881699
0.06461906703312173
0.06461950646834205
0.06463103946957505
0.06464467281061288
0.0646543722200933
0.06466609283253737
0.06467028146123886
0.0647028314946396
0.0647302759660982
0.06473416489049431
0.06473841799162436
0.06475816799014875
0.06476408917403831
0.06477981104980025
0.06478374902672393
0.06478876021587007
0.06479582887945325
0.06479792172993666
0.06480738408224229
0.06481077746012487
0.06486937154712664
0.06488169454598292
0.06490138453150644
0.06490355015254061
0.0649038100659748
0.06490405782736863
0.06490454825149869
0.06492263860895502
0.0649333614395855
0.0649896842657464
0.06500513661466707
0.06504067568011135
0.06504297174437963
0.06506188730255431
0.06506445928114005
0.06507234707479602
0.0650861435515474
0.06509424364578874
0.06510423446625796
0.06511040816828141
0.06511621363444592
0.06513190421176593
0.06513727829005703
0.0651477237985361
0.06515217652132783
0.06515479044369682
0.06516749973319391
0.06519460708379983
0.06519672438033004
0.06520803325135786
0.06520979311410499
0.06521043241038295
0.0652160198388408
0.06522131342985746
0.06522967237473268
0.0652344720882894
0.06524903696986008
0.06528845468287792
0.06529220250467035
0.0652986756816969
0.06533093773370124
0.06533331883021115
0.06533830556568962
0.06535609073352483
0.065378076410677
0.065380526719811
0.06538127998422046
0.06539360097605704
0.06540647394875075
0.06542118071923966
0.06543154207585755
0.06545136978973563
0.06545777717612185
0.06546256007749687
0.06548202143547846
0.06548668451350728
0.06554702159878154
0.06555474075005514
0.06556379943682893
0.06556603585558275
0.06557376575702864
0.06560176466093687
0.0656072097618451
0.06561392145071009
0.06564792410112667
0.06569234440949981
0.06573827883117202
0.06574672011214794
0.06576076109575704
0.06576101808411604
0.06576778871599702
0.06580252132397761
0.06581568379633727
0.06582174567817539
0.06583283102567523
0.06583546525265133
0.06584105090501696
0.06584134189270689
0.06584628112935002
0.065854345018025
0.06588192730390642
0.06588585672169293
0.06588692292899669
0.06592651188149216
0.06592902728285077
0.06592903817682512
0.06594335892304311
0.06595912056290672
0.06597253932303104
0.06599268274400423
0.06600733706431118
0.06600884266204482
0.06604860539319542
0.06605864153018201
0.06606364155824579
0.06607257475981898
0.06607563058649499
0.06608201133745982
0.0660865648356937
0.06609142089931423
0.06609153027190837
0.06610743037786017
0.06611456964143389
0.06612204018732633
0.06615355510008465
0.06616538141458075
0.06618199758688005
0.06619589532946595
0.06620267377771746
0.06621273842342269
0.06623293710577409
0.06624336573515963
0.06625231691641052
0.06625434789233081
0.06627758881208622
0.06631592192282999
0.06633722215730006
0.06634257975648426
0.06635602718897907
0.06635917476058029
0.0663651935530999
0.06639130859393519
0.06645740566335412
0.06648976096373943
0.06649085223560236
0.0664923267697319
0.06649290566335686
0.06649402529395652
0.0665326757222236
0.0665331948678655
0.06654307922594749
0.06654543741059904
0.06655572336513708
0.06655584654305093
0.06655613148324026
0.0665596568183979
0.06657063622661086
0.06657881506230015
0.06658481248931576
0.06658697854128899
0.06658909708279678
0.06659393127875686
0.0665981923320636
0.06659885685431988
0.06660405961182177
0.06660615367967596
0.06661520619400935
0.066627552679467
0.06663000784342749
0.06663285667575528
0.06663379620870997
0.06663411928277985
0.06666094712665843
0.06666595206418424
0.06667621061859662
0.06668703957494519
0.0666877339095726
0.06669235119544013
0.06671047221878107
0.06673492300762608
0.06673578408326405
0.06674394051796953
0.06675971662207031
0.06680681296820949
0.06681724402126621
0.06684192371965396
0.06686649911371251
0.06686767612011447
0.06687479240319916
0.06689674147963141
0.06691701458266974
0.06693057511110445
0.06693128089690276
0.06693497165903815
0.06695680429332876
0.06697894791543907
0.0669930438533469
0.06700307848361282
0.06701161425896765
0.06702068531551061
0.06704415452712215
0.06705803709511692
0.0670973913531686
0.06709956377936427
0.06711521558835767
0.06711631980879777
0.06712840083161861
0.06714010462227826
0.06714451095262844
0.06714561908989829
0.06715294866903174
0.06716231830194391
0.06716988145551811
0.06719153949344436
0.06719520059423092
0.06719581327059336
0.06723096543699804
0.06723494638351163
0.06723695367633982
0.0672392370252818
0.0672849747889451
0.06731482432547263
0.06731911261092276
0.06732118579996428
0.0673229042228624
0.06732635714383854
0.0673268500640509
0.06735956690141397
0.06736056861170157
0.06736210993866541
0.067373590645313
0.06739164573026483
0.06739737105727
0.06740163416850278
0.06742529007443665
0.06744502363559328
0.0674509794880701
0.0674514324174724
0.06745837717088822
0.06746546665474533
0.06747238753544499
0.0674743447027866
0.06748135058602868
0.06748220794843597
0.06748641931079365
0.06749296945391048
0.0675039626233099
0.06750980662211788
0.06752147176004256
0.06753123557818072
0.06753151819165087
0.06754959203035112
0.06755440049708288
0.06755515976468003
0.0675636015392424
0.0675927232999171
0.06759312104115785
0.06759633512091098
0.06760404520954681
0.06760623177810388
0.0676202796122341
0.06763198616760598
0.06764406717435341
0.0676463415523655
0.0676489631606623
0.06765647630391695
0.06768495280451182
0.06769476796849799
0.06770342554998869
0.06770380064437148
0.06771787986344094
0.06771889296675888
0.06773631833420267
0.06773875807589963
0.06775408502180154
0.06776196677781134
0.06780696341745887
0.06780946772517116
0.06783155910810293
0.06783784578792071
0.0678466343835155
0.06784965742725968
0.06785316892136387
0.06785349491032412
0.06786795869147214
0.06787455578578244
0.06788304369734394
0.06788874303704452
0.06791756495012029
0.06792400646894946
0.0679436693061366
0.06794676488418944
0.067978763600568
0.06798658147823289
0.06800482857588047
0.06800685977681553
0.06802497527591116
0.0680399858061072
0.06804339810706456
0.06806059194389284
0.0680721409591972
0.06807740509996715
0.0680946764262722
0.0681024829245194
0.06811055831858248
0.06813063751635538
0.06813935256250586
0.06816270273462878
0.06816299125324692
0.0681815032621482
0.06818884265383982
0.06820830630259757
0.06820977925503569
0.0682137943215726
0.06821534804218747
0.06824233379995329
0.06825822951472092
0.06825897431573187
0.06827613084248894
0.06828851741987793
0.06828950575962676
0.06830347310450516
0.06833516047858475
0.06835087328559958
0.06835098758997699
0.06835804711196614
0.06837132384159456
0.06841115281225885
0.06842563079948899
0.06849574026282847
0.06851296081608474
0.06853093507975465
0.06854542570776233
0.06854785268804285
0.06855997610257471
0.068565519231429
0.06857874312063038
0.0685788518960165
0.06860396872783345
0.06864465721442557
0.06864772125166263
0.06866322279671659
0.06870589380109739
0.06873207337531764
0.068743992703986
0.06875009302764497
0.06876268329602697
0.06876636573517113
0.06880801374752347
0.06881184565128956
0.06881290783335181
0.06882696974921455
0.06884063680519442
0.06884434236780763
0.06886968102107272
0.06888995839897682
0.06889483322585076
0.06893151800398498
0.06895382062351785
0.06897424820424317
0.06898683293280776
0.06900697258952297
0.06901973655633342
0.06902567824953094
0.06902629591491272
0.0690432768761265
0.06904711254909918
0.06908715200603435
0.06911082971581307
0.069115777155274
0.06914253686632992
0.06914312257496809
0.06917439062052642
0.06918170921715722
0.06919606465378367
0.06923801206967367
0.0692450832535427
0.06925219465320653
0.06927423172289433
0.06927886003760088
0.06928217713837084
0.06930810743064869
0.06933583827990275
0.06934301938848864
0.06935238833469003
0.06937785906783217
0.06938349684945393
0.06939152432207339
0.06941131858866922
0.06942298498340033
0.06942775039994596
0.06944008602642278
0.06944898426901473
0.06944978162326994
0.0694522776345939
0.06947931349365498
0.06949694833544866
0.06951531906943417
0.06951979182867701
0.06959112114846248
0.06960209663582798
0.06961868060739158
0.06961988029003252
0.06962734548425512
0.06964649462524629
0.06965091161028882
0.06966003595092968
0.0697072525844841
0.06972131745101766
0.06975232390632945
0.069758726972971
0.06976285995137298
0.06981152280146818
0.06981287325774754
0.06982500626807246
0.06983636234491258
0.0698596056129316
0.06986103157837209
0.06986709819431346
0.06987417770985123
0.06987827256639871
0.0699128439413134
0.06992838053204746
0.06994756374211629
0.06995355452870802
0.06999462225488463
0.07000454695919753
0.07002060777385377
0.07002136196288168
0.0700414297263262
0.07004440556159783
0.07006057845126472
0.07006398181940311
0.07006761398703898
0.07007945459512774
0.07008137382565116
0.0701064968571639
0.0701261188812393
0.070130077309392
0.07016490279769627
0.07017990730574682
0.07018082840831587
0.07018384978187563
0.07020244067335446
0.07024910421101574
0.07026857437967521
0.07029092643532102
0.07030082190222145
0.07031542744787495
0.07033488950153677
0.07036177994796447
0.07037341639237274
0.07038042503225023
0.07038603626418247
0.07041218673803823
0.07042770340353798
0.07045073118306909
0.07045077384617815
0.07047045931501728
0.07048266470766563
0.07048405898581388
0.0704992650806652
0.07050074916298153
0.07051951489080752
0.07053032922383375
0.07055844538373836
0.0705615638659881
0.07057331240284567
0.0705829921556594
0.07058338585965832
0.07059162893899747
0.07059723760726622
0.07060400350247109
0.07060441077906893
0.07061438508617708
0.0706193767202248
0.07062046065475108
0.07064431016253668
0.07065336216177968
0.07065457757432723
0.07065478181103048
0.0706805713867227
0.07069126395928313
0.0706927465154823
0.07070946286740136
0.07072290998868758
0.07072583754954416
0.07073211629350071
0.0707476347532002
0.07075661208091306
0.07080668365439889
0.07082015284712034
0.07082691142242574
0.07083013559015489
0.07084302859847741
0.07084550425333387
0.0708461566032059
0.0708910917120022
0.07091857716269544
0.07092485464423026
0.07096172175259813
0.07096636087324604
0.0709732791014516
0.07097421869999115
0.0709756966412192
0.07100689647424135
0.0710079071125457
0.07103200926176939
0.07105506856883576
0.0710698029327046
0.07107227861496597
0.07107988917836738
0.07109094975219622
0.0711128445747479
0.07112672579808076
0.0711371736418547
0.07115595498275075
0.07115626287936032
0.07116059350436661
0.07116428653465148
0.07116599108461247
0.07117119813820208
0.07117148773753514
0.07117659159125642
0.07118289027078974
0.07118504858117856
0.07118521871127761
0.0712053939244478
0.0712326071153365
0.07123539288388467
0.07123988616046233
0.07124596789040112
0.07125191142242714
0.07126385499253811
0.07126689517516292
0.07126963085363819
0.07127671886095896
0.07128238857461053
0.071292392981901
0.07129433520359431
0.07131235982073995
0.07132584240741281
0.07133723681253999
0.07135224328175213
0.07135235022293115
0.07135364258726472
0.07135759115431929
0.07137039442497241
0.07140177811022215
0.07141178790538501
0.07141614115907025
0.07143778158227702
0.07146366084685557
0.0714724864298672
0.07147955287165679
0.07148733423141482
0.07150818642987103
0.07152814626893267
0.0715333553396617
0.0715565473907989
0.07156434144049573
0.0715650973615689
0.0715674438234725
0.07156976590855105
0.07158640589356992
0.07158978981078701
0.07161008564543883
0.0716270473199531
0.07163312169941553
0.07165392534097259
0.0716670010009712
0.07166925591049013
0.07168201068729652
0.07168210124992457
0.07168631209780038
0.07168925598132435
0.07169415373516216
0.07169557821800138
0.071696371745747
0.07171523020631813
0.0717171325951862
0.07172582807837173
0.07173354762978483
0.07173749613025257
0.07177204204056707
0.07178105218353732
0.07178966012813628
0.07181014841594652
0.07182034941238008
0.07182135416860314
0.07184100724018525
0.07184679835611914
0.07185388329416846
0.07187229771372426
0.07191671222870163
0.07192255966036286
0.0719312848197709
0.07193130916864444
0.07193987129830784
0.07194096466847544
0.07194327278953117
0.07194853365554553
0.07197183490839248
0.07197923525635291
0.07199320758456153
0.07199327756086987
0.07200074267083524
0.07200865821310552
0.07200873407595464
0.07206331740280428
0.07207274852016865
0.0720728960815311
0.07208826537272578
0.07209036858476665
0.07211941625544478
0.0721444015113909
0.0721638917844152
0.07216689294831845
0.07217641912356247
0.07223379979536196
0.0722386515270651
0.07224429131570237
0.07224598889330625
0.07224617663188714
0.07226034067919916
0.07226653641752173
0.07227979046517542
0.0722832982845427
0.07228628797774342
0.07230192634625628
0.07231457696672819
0.07234570060211028
0.07235979720470989
0.07236384180701919
0.07236418155973658
0.07236987757875793
0.07237203452176927
0.07237760654759422
0.07241046054550822
0.072412247652869
0.07241315996281215
0.07241875488568283
0.07242345250812464
0.07243219677345052
0.0724332439192517
0.07244589828025792
0.07244596341804949
0.07245091805498591
0.0724575962057262
0.07247410775725296
0.0724904359056189
0.07250256967980528
0.0725074456990165
0.0725193151163801
0.0725258782198554
0.07252975354080382
0.07254150032953043
0.0725440999176587
0.07255522232394182
0.0725628311352836
0.07258400632910283
0.07261319930361723
0.07262801686174823
0.07263689136730915
0.07264107348522374
0.0726655129673609
0.07266744642169769
0.072677269404066
0.07270800998644966
0.07271313502141981
0.07272339414455856
0.072730163161594
0.072742456732701
0.07274678576345193
0.07275505563882725
0.07276038863888976
0.0727616638456682
0.07277957750508453
0.07280759616234697
0.07280935089013259
0.07281703157666576
0.07282296204500888
0.07283805350465238
0.0728708296208538
0.07288042244115289
0.07288944295900612
0.0729107197073526
0.07295185651725936
0.0729528896891069
0.07297435350400698
0.07300546327448346
0.07300585360393584
0.07303411673613815
0.07304572742278481
0.07304621012276197
0.07305049580438665
0.07307134714118853
0.07308322911756272
0.07309611834682676
0.07313080367622618
0.0731337608503191
0.07314152301471454
0.0731449509361485
0.07317131574117383
0.07318118092034143
0.07319148675862219
0.07321874273770519
0.0732214844555888
0.07322609993491098
0.07322659955321931
0.0732315071824913
0.07324216805620001
0.07326718753131903
0.07327084636219722
0.07328836445995923
0.07330277126115316
0.07332514081105666
0.07333957236949852
0.07339230539100633
0.07342074512579363
0.07350282321665708
0.07350823499512174
0.07351264534111845
0.07352375241165943
0.07353064745972542
0.07353623391753326
0.07353871107985203
0.07355228046523898
0.07355459173075635
0.073556471931391
0.07357525875381005
0.07358148269561511
0.07358219269289584
0.07359145941724146
0.0736255848720996
0.07363041252107365
0.07363822067310706
0.07364035332795024
0.07364039684466515
0.07365766806394776
0.07366662361140582
0.0736853377664165
0.07370328578523208
0.07370458874651002
0.07373116695173627
0.07374261228081982
0.07375255923959395
0.0737833844527
0.07378346506830533
0.07380346757174677
0.07383220261722638
0.073836235622659
0.0738532494808702
0.0738563175641609
0.07386411028957754
0.07388009273533239
0.07388020111784027
0.07389428093282031
0.07392731907216264
0.07393490815167719
0.07395545196107826
0.07396181443007856
0.07396671902495351
0.0739787623861827
0.07399295925308051
0.07399580703867968
0.07400105403491768
0.07400530426370162
0.07402912668888054
0.07404922172796997
0.07405818826283914
0.07407386766255884
0.07408367602099328
0.07408373752258376
0.07408384457182407
0.07408886118663037
0.07409886552389092
0.0740993097879844
0.07411381960475742
0.0741153467735386
0.07413356741033689
0.07415209356171727
0.07416559624728455
0.07418549500589645
0.07419125188608269
0.07422293415744677
0.07422375920800278
0.07423847406539977
0.07425055336359278
0.07426491424692952
0.07426829003595871
0.07427104653562298
0.07427957601182991
0.0742813243137392
0.07429604009516617
0.0743015676560653
0.07430729737671576
0.0743439938435233
0.07434749212872577
0.07435773825200756
0.07440000017018729
0.07442132539939364
0.0744246402699079
0.07445066554296945
0.07445508421676474
0.07447202899493995
0.07448788234029402
0.07448812763468438
0.07450145165591814
0.07450853861750169
0.07452539020287217
0.07452603191986229
0.07456290013681656
0.0745742105915544
0.07458009544678204
0.07458169235770971
0.07459138924827703
0.07459444988495952
0.07459916099966009
0.07460828626615434
0.07460940114099095
0.07461001550694246
0.07462311587823771
0.07462594270814359
0.07463943813859415
0.0746847960108333
0.07470099930744323
0.0747019974885383
0.07470518602074112
0.07470662628606471
0.07472021839956837
0.07472097618956086
0.0747521327379642
0.07475309663401473
0.07475403731084809
0.07476156943854716
0.07476736630467999
0.07477281351308712
0.07478977267490856
0.07484496516381389
0.07486924067210056
0.07487009650655783
0.07489691393679837
0.0749251368105233
0.07493795779197698
0.07496329497425482
0.07496752860607347
0.07500458611504765
0.07500923750678068
0.07502163580581417
0.07503838151708468
0.07508404561161267
0.07508705406001444
0.07510002447790318
0.0751052945060215
0.07511642741186034
0.07511831951991366
0.07512430158405115
0.07512457645308504
0.07512820030469947
0.0751298583597648
0.07513537679439031
0.07514841746351256
0.07518830588254131
0.07520222075269985
0.07521844932365475
0.07524054757322718
0.07525522542032281
0.07525903220134592
0.07526142999400029
0.07527825553073095
0.07528171333609407
0.07528608306852466
0.07529609178984549
0.07532399149916669
0.07534221494473761
0.0753519157844524
0.07536568265917651
0.07537712147375822
0.07538779688272851
0.07538781754121
0.07541381522406497
0.07541573911256719
0.07543102849304266
0.07544548784956127
0.07545654164671083
0.07546369704406065
0.07546715889322553
0.07546959756857066
0.07547431909322631
0.07548419622142592
0.07550717096959146
0.07550719484945777
0.07550996302409156
0.07553993748855173
0.07554754558931244
0.07554811480466833
0.07555173342890507
0.07556163920769114
0.07556551861572675
0.07556872690421604
0.07556872724368166
0.07558044357714806
0.07558454223054094
0.07560063072943644
0.07563756543300855
0.07566963588177111
0.07568241036985394
0.07568568023274543
0.07568803612716271
0.0756924098241254
0.07570753701420124
0.07572476850545172
0.075727407689513
0.07573419795759832
0.07573827293276775
0.07573991100328215
0.07575558622461243
0.07576639505947264
0.0757885870622223
0.07579250414456064
0.07581314501047824
0.0758179884005616
0.07582646908367137
0.07586694708635416
0.07588094686711236
0.07589204645898791
0.07589356784130034
0.07593545304251097
0.07593983345672267
0.0759531903489546
0.07595663213225974
0.0759580175187057
0.0759590142603872
0.07596987559945463
0.07597430285153908
0.07598737621369098
0.07599599008859488
0.07601816866965991
0.0760382971419966
0.07604035469704236
0.07604973370660954
0.07610968887394945
0.07611313848942775
0.0761513226716212
0.07617023285956372
0.0762046728223473
0.07620631705555482
0.07620935373992832
0.07622568482075616
0.07627527153906569
0.0763075827752945
0.07630788073668807
0.07632938479562201
0.07633691416480148
0.07633695327771674
0.0763394089985201
0.07635248416582444
0.07636127106727773
0.07636361515582378
0.07641386631378932
0.07641697663837087
0.07642080110669719
0.07643890624073954
0.07646150404109645
0.07650464586997541
0.07651513758217286
0.07652631436504465
0.0765371878710554
0.07656930917960854
0.07657748242959417
0.07661014049549512
0.07662135144831513
0.076633185723291
0.07665055852705287
0.07667246914808355
0.07672146936239077
0.07673097716192527
0.07676152079147679
0.07678187207308965
0.07678894160875956
0.07680074212552222
0.07680622898972311
0.07681923804715539
0.07683090932167091
0.07684125280556657
0.07685464666025221
0.0768560664416913
0.07685653344867284
0.07687750977152136
0.07688871038440195
0.07692679459042216
0.07692910637267969
0.0769291595205994
0.07696423419146964
0.07696591234604587
0.07696637481887264
0.07696986486202165
0.07700562799556987
0.07701891757003017
0.07702295841132395
0.07703742330466572
0.0770412508052739
0.07705649705763297
0.07708218591330207
0.07714353318834229
0.07714556244110668
0.0771743354766985
0.07718130043146645
0.0771870545082508
0.07719598989989185
0.07722879132619588
0.07727682720577621
0.07728212314715867
0.07728519795983474
0.07728523665065726
0.07730490110573561
0.07733022804846497
0.0773533249774895
0.07737302813317495
0.07739319108355562
0.0773942586357958
0.07741895322436043
0.07742143684587476
0.07742380769541347
0.0774351471887404
0.07743704940642591
0.07743909219495029
0.07748874306985479
0.07749394150840357
0.07750257310431376
0.07750319534514748
0.07750513734337759
0.07754227877385833
0.0775467138338514
0.07755278348553087
0.07756851556972898
0.07758637273414351
0.07762385811314831
0.07764498381625803
0.0776648498664018
0.07768267779608762
0.07772197306600286
0.07772553933143053
0.07773853404765323
0.07775452026408791
0.0777560736525147
0.07777582462688803
0.0777808554591917
0.07778999752263342
0.07780997580893825
0.0778263107719908
0.07783487979578801
0.07787813049828438
0.0778970520541502
0.0778997005935524
0.07790470770363905
0.0779178587568935
0.0779196551279845
0.07792936193313803
0.07797377736730937
0.07801014361817005
0.07802016109180623
0.07802330569352896
0.07804942294126102
0.0780534469025498
0.07807388890637378
0.07808618431504738
0.07808748137457312
0.0780961430662716
0.07810110407408265
0.07810404897759932
0.07811312209737156
0.07812167820280727
0.07812422682725
0.07812493570877546
0.07815277362799328
0.078199787466212
0.0782166866360028
0.07823011343755887
0.07823117369625804
0.07823545992365559
0.07824379481830979
0.07824911551335861
0.0782541195825297
0.07825946504103809
0.07826378146636939
0.07827055762602315
0.07827173671723596
0.07828158789390799
0.07829463647651295
0.07830754083372568
0.0783360389654203
0.07833743138981285
0.07834424114563002
0.07834980891032234
0.0783587593296374
0.07836591233722442
0.07837752396102314
0.07837985632692414
0.078388375580492
0.07838956297264588
0.07839069605283715
0.07839612412373673
0.07840035498970013
0.07841347986730599
0.07842341354335723
0.07842505133336232
0.07845788854303357
0.0784686008699391
0.07847053680235025
0.07849557653405738
0.07849767937916424
0.07850802530201831
0.0785547334478646
0.07857019854793382
0.07857611928787886
0.07863913115780577
0.07865300786414788
0.07865334953732957
0.07865974263779137
0.07866053551287544
0.07866069914145898
0.0787449754075973
0.07875044778783286
0.07881837411251029
0.07882197987954481
0.07882987636755279
0.07883092470939072
0.0788583718998757
0.07885937261787557
0.07887604158466995
0.07887844407179766
0.07890992203416244
0.07893252780967384
0.07894787708884902
0.07897332743846434
0.07898205895525302
0.07898536990660053
0.07901205602405749
0.07903562191888891
0.07903852269635529
0.07904677759406914
0.07907880045398072
0.07908468477039735
0.07910102290490029
0.079109876076921
0.07913780814291078
0.07914298517814179
0.07919250830893858
0.07919347683003093
0.07920025992380424
0.07922887350898544
0.07923913123146903
0.07927484586245125
0.07927740304033883
0.07933673439971288
0.07934966266332867
0.07935950884359896
0.07938740301381338
0.07942474719790492
0.0794251514388884
0.07946867709818808
0.07947651630125994
0.07948691253197208
0.0794952344032059
0.07951676569618446
0.07953650831683133
0.0795499779782843
0.07955979704774321
0.07959545139374812
0.07961268067552374
0.07962185755098662
0.07963207948763819
0.07963480316300686
0.07964000035557603
0.07965954303575339
0.0796694862447821
0.07968027692034665
0.07968354057048169
0.07969009999835062
0.07969590643139979
0.07969959129339801
0.0797030023031056
0.07970992491044322
0.0797142090821846
0.07971721383464637
0.07973588011088664
0.07973957568249747
0.07974209504585494
0.07974843232018866
0.07976813457748871
0.07977621977637739
0.0797996863281683
0.07981088486845098
0.07983701370821374
0.0798486786155501
0.07986980449735072
0.0798698782579497
0.07987790611859995
0.07988066236025022
0.07991625691682873
0.07992353397667117
0.07992658968183156
0.07994012628461078
0.07994697223988655
0.07995356282749629
0.07995906111500509
0.08001456497874027
0.08007956470340846
0.08010610069058344
0.08013151013212301
0.080138244954171
0.08015827960189639
0.08015960802000047
0.08016699283127611
0.0801693646127125
0.08019387345542353
0.08020005214840374
0.08020711630553004
0.0802318076290761
0.0802353141867427
0.0802527232980045
0.08026590611143032
0.08026784445621946
0.08026916603542264
0.08028321747607046
0.08028916191809736
0.08029365251320598
0.08032948126828085
0.08033531119622811
0.08034527352945078
0.08034973065066027
0.08037305196132669
0.08038551047291212
0.0803888054949814
0.08039505227905479
0.0804046871378232
0.08040541544494723
0.08040908738386565
0.08044213461281206
0.0804452477183004
0.08044838352254098
0.08045098051582224
0.08045358363023615
0.0804610023655985
0.08046173895691272
0.08048645887621778
0.0804900277442041
0.08049186242045152
0.08050059784076762
0.08050083026028969
0.08055152354143502
0.08057015442839573
0.08057729211876903
0.080581323992783
0.08060148291857294
0.08060435307118365
0.08064988842337815
0.08066064745227369
0.08066339667361895
0.08067255345248148
0.08068177110524734
0.08070101022689065
0.08072644927011846
0.08073112342068241
0.08074526001804766
0.08074944350168516
0.08075838835861347
0.0807591274241445
0.08078088994626033
0.08079909170687809
0.08079962211269137
0.08082638675610673
0.080829760612639
0.08085300020848939
0.0808647559257941
0.0809029761237523
0.08092076917209529
0.08093053457582354
0.08094491738027
0.0809471480567988
0.08095987216930635
0.08096740937248081
0.0809800893817681
0.0809818616329175
0.08099584857562539
0.08099983806557526
0.08105806622350617
0.08106847623335059
0.08108867393122834
0.08113050730629262
0.08113792029727757
0.081144641983572
0.08115025275810508
0.08117427542910087
0.08119152501390164
0.081228391508166
0.0812303333662043
0.08124400179378875
0.08124755916850368
0.0812504203019724
0.08125517884870057
0.08125540857211001
0.08129823098591842
0.08130835959503857
0.08130915464811764
0.08132457327581838
0.08133914788106492
0.0813534736094924
0.08136983751606458
0.0813777169709037
0.08138222717630555
0.0813984538910341
0.08141084932117684
0.08141150276674042
0.08144942371639713
0.08146039980393896
0.08146959174582973
0.08147290673678557
0.0814759048198522
0.08149198292189172
0.08150952577448163
0.08152381767468055
0.081537318178663
0.0815639462742382
0.08157394727540436
0.08158416837850514
0.08158467923890068
0.08159758550767537
0.08159922741762465
0.08162409185394982
0.08163193496223843
0.08163948399052803
0.08165986599666374
0.08166741343849437
0.08169719216698781
0.08173175591251164
0.08174899679878521
0.08176137620685457
0.08176638651302104
0.08177189390559837
0.0818075278547612
0.08180889986391644
0.08182098605772739
0.08183262311717038
0.08183803411531884
0.08184246031792339
0.08186285108435079
0.08186557212620015
0.08186700693442495
0.08187421705638685
0.08187547018286025
0.0818945616768407
0.08190034933598203
0.08190678946920467
0.0819136678095692
0.08192371439439587
0.0819509135073152
0.08196377446833099
0.08197391666896735
0.08198783237357954
0.0819882065255056
0.08199520680266967
0.08200841726716422
0.08202686593568309
0.08203228410050589
0.08203476433429059
0.08203758643770635
0.08204334841506164
0.0820680404170226
0.08209498570034379
0.08210337886613757
0.08210787940458639
0.08216327465510435
0.08217198799129521
0.08220142980628024
0.0822051871066707
0.08222541472318252
0.08222546250276454
0.0822269072816082
0.08224226521092519
0.08224634371302297
0.0822527145400378
0.08227619140377557
0.08227801233380351
0.08228158699596765
0.08229714146734872
0.08232019017341477
0.08233384647878667
0.08235679398084475
0.08237856271982327
0.08238132769493163
0.08239424473806238
0.0824319754945261
0.08247040478024181
0.08248071868381901
0.08248311862700784
0.08248985680582155
0.08251992051415862
0.08253387304755112
0.08253444896521485
0.08254396716502307
0.08254776012911229
0.08255658774310573
0.0825692356966336
0.08257731026390616
0.08258538210896288
0.08258578704716522
0.08260720448698033
0.08261560573006053
0.08262303994048685
0.0826237260345962
0.08263530578205233
0.08264642048795076
0.08264913285139311
0.08265145816577694
0.0826554159028425
0.0826615093711514
0.08267091585366917
0.08267651846929125
0.08268699075442656
0.08271245171972455
0.08274598159098374
0.08275728300416915
0.08279320356049387
0.08281336788489278
0.08282024854968864
0.08282854156569036
0.08284255790299234
0.08285371844386477
0.0828697848245216
0.08287200772139011
0.08287219783161179
0.08288189884067008
0.08289695245663602
0.08292367650891605
0.08293123077433395
0.08296297994755077
0.08306000052594088
0.08308599616791533
0.08308902433151481
0.08309216642921104
0.08313771031657584
0.08314822911693916
0.08317267559264531
0.08317451112795361
0.08318040829502928
0.0831834607459905
0.0831915161081752
0.08320442182837286
0.08321330866205946
0.08322524072679874
0.083241737700366
0.08325057174962826
0.0832580296102511
0.08327320361504884
0.08328733568416338
0.08328738246465797
0.08330701541083534
0.08332118080654805
0.08335486915883407
0.08336188761876612
0.08336916867223285
0.08337723928907327
0.08338179389918016
0.0833956994520106
0.08340648237372783
0.0834391290182734
0.08344748364117911
0.08346050333158653
0.08346102772810367
0.08347272750615226
0.08347957614080874
0.08348267041945147
0.08348280309615175
0.0834947457383201
0.08350189587766714
0.08350886101268024
0.08351283245761869
0.08352004553331425
0.08354187203505528
0.08357027884198254
0.0836063163708068
0.08363985294635552
0.08364760103863782
0.08365177965185354
0.08368195056557053
0.08370692854061723
0.08373845693429605
0.08377577314580559
0.08378278642292276
0.08378374698973992
0.08378461531121996
0.08380353276976349
0.08382248059875932
0.08383299554525754
0.08384584681166561
0.0838608642739294
0.08386143659957729
0.08387741844016514
0.08392345825096434
0.08392786692395728
0.0839462451708572
0.08396928485132016
0.08399979583294094
0.08400401797984088
0.08400486255864985
0.08402231073627735
0.08403183524067667
0.08403822450989222
0.08406137066359659
0.08408825569690413
0.08409284057039479
0.0841126599873505
0.08413264679755877
0.08416867087279618
0.08417915084277044
0.08422813733158176
0.08423130530486737
0.08423828818385741
0.08423960712662418
0.08425292895579976
0.08425572852256265
0.08430919751427446
0.08435736325797827
0.08436637325656432
0.0843706022690498
0.08437420199522817
0.08437839606855746
0.0843798649561801
0.08440522556684305
0.08445555821711177
0.0844711949899695
0.08448527326540249
0.08449503329412006
0.08450298488421298
0.0845226620277547
0.08456396569062737
0.08456618595041684
0.08457470400942202
0.08457757075077856
0.08460032777422401
0.08460121663736905
0.08464835215544293
0.08467191558280615
0.08467337284010185
0.08471159750497813
0.08471521976698615
0.08473380065536071
0.0847426441432916
0.08475842371698526
0.0847664838960178
0.0847795765764991
0.08480824819465523
0.08482535248281663
0.08482807635685458
0.08486001420454771
0.08487484555897874
0.08488957095327775
0.08489614441517636
0.08491369840968062
0.08491854425080057
0.0849408309995764
0.08495857337258664
0.08497863658076363
0.0849847907544
0.08500924999801368
0.08507111856613293
0.08509781351637366
0.08510404949620966
0.08510528643961396
0.08513347687555847
0.08513455153030189
0.08516155558855892
0.08517435685277036
0.08518040935159928
0.08522702413669675
0.08524106242219337
0.08524621603294269
0.08525199678005921
0.08526648995524362
0.08527693859361439
0.08528460065938673
0.08530057068044994
0.08534578973135352
0.08539325299350906
0.08540532745606136
0.08542524356767686
0.08542545708135056
0.08542632241496645
0.08543466725302969
0.08544046373347908
0.08545259812742702
0.08547947992228185
0.08548825654259375
0.08549294175282136
0.08550184223274733
0.08552660470812991
0.08552829035461645
0.08557508580592355
0.08558627799136855
0.08558945365342548
0.0856027335494727
0.08561682623139481
0.08563545640924188
0.08564413166171382
0.08567040009779808
0.08575964736747652
0.08576479304884993
0.08576495693502968
0.08576724160398544
0.08577113911331481
0.08578142832727113
0.08579499691052013
0.0858064721219163
0.08581949492212389
0.08584207469737547
0.08586920944609222
0.08587067768914702
0.08587228158271445
0.08588393255717684
0.08591695725407512
0.08593113121260948
0.08594117890604003
0.08594706950573132
0.08594911624741221
0.08596424746522749
0.08597328114418075
0.08598224784664577
0.0859961710639278
0.08600092015027137
0.08601933970509638
0.08604112931820547
0.08604372699227693
0.08604611266433235
0.08605395659568166
0.08605908408603788
0.08608256889139808
0.0860876044048576
0.0860918525656237
0.08609732438639324
0.08610125748266335
0.08610380117813309
0.08611511682391237
0.08611893020120438
0.08612090786050768
0.08614346097880851
0.0861554616377923
0.08617833766943486
0.08620862309654746
0.08622455946966937
0.08622683474611731
0.08623787532666503
0.08626851957619265
0.08627018439230971
0.08627394421577246
0.08627942552854406
0.08628551401411377
0.0863035179705767
0.08631345948028873
0.08632372710933986
0.08632572719833773
0.08633083194689448
0.08633696813930332
0.08638996361827611
0.08639326969110031
0.08641194741824595
0.08642502658011932
0.08643167531890474
0.08647477021144029
0.08648059738742171
0.08649394877165653
0.08650327695062722
0.0865394102590091
0.0865513681725199
0.08655694672858485
0.08657786601627908
0.08657978667473588
0.08659635986868043
0.08660818039525786
0.08665991283871428
0.08666924476905996
0.08667482277314087
0.08668257933820663
0.08668694101427024
0.08668704834790614
0.0866890661229496
0.08670322836137764
0.08672752565071414
0.08673334626818517
0.08673736138985519
0.08675328132078866
0.08675663403466821
0.08676158868052021
0.08677164622615294
0.08677460671664927
0.08680163124393123
0.08685377447951936
0.08687218354690125
0.08687408511278757
0.08688826507205197
0.08690332870737542
0.08692703230324975
0.08692764498097658
0.0869429243990636
0.0869641895974848
0.08697499821088321
0.08697957257170198
0.08700036968897946
0.08701036108564858
0.08701864813952313
0.08702466544697142
0.08702514369891291
0.08703734538344837
0.08703917095153471
0.08704365256847074
0.08704993079461286
0.08707216468000356
0.08709999346071376
0.08711754553871913
0.08712958339442213
0.08714149480016713
0.0871438440790306
0.0871444106683553
0.08714663413370011
0.0871517424784324
0.08719219835034335
0.08719813206359395
0.08720376978730854
0.08721197908988189
0.08721270751187453
0.08721665236521113
0.08722547160649192
0.08722613809928768
0.08725446484323882
0.08725948169008244
0.08726508722127144
0.08726826029570134
0.08729451561991522
0.08730126223062058
0.08731689538027516
0.08731843483334271
0.08731888544883183
0.08732242257501352
0.08732788993179467
0.08733156225470147
0.0873785272409244
0.08737986377915813
0.08738649229112573
0.08740044342247306
0.08740044792183231
0.08741318821436149
0.08743607250759432
0.0874438251975772
0.08744911505373633
0.08745142619503538
0.08745336455075071
0.08745622966387501
0.08746016633688117
0.08746450763414684
0.08749166085373765
0.08749830389828377
0.08750248776479475
0.08750542663185656
0.08755018748443427
0.0875527136825959
0.0875558287950692
0.08757633964358065
0.08757809669243849
0.08757990390529292
0.08758122563986602
0.08759133383970329
0.08761564739582475
0.08762241695408406
0.08762338274128754
0.08762716380600231
0.0876520068120584
0.08765778284067637
0.08766197636728863
0.08768495139711174
0.08769013149613486
0.08769343993990664
0.0876985842782353
0.08774276667960718
0.08774541390613286
0.08774844852845536
0.0877533527450058
0.08776006075483003
0.08778168637359025
0.0878125617096338
0.08781543262122389
0.08782573949358276
0.08785483311314404
0.08788295250527736
0.0878972685935817
0.08790888402395156
0.0879423185793155
0.08794654422500503
0.08795710395780411
0.0879701277211092
0.08797109784192182
0.08797189154572693
0.0880126399793235
0.08801366352178548
0.08801862008873523
0.08801927019824775
0.08802638160986177
0.08803631013399411
0.08803694699818795
0.08804183050406235
0.08805486942667917
0.08806787332187004
0.08807384797219366
0.08808445702707558
0.08813389480439303
0.08814770788747023
0.08814990502371167
0.08816026834771726
0.08816822457031964
0.08818713013101287
0.08822522230936072
0.08824673555241404
0.0882649788709919
0.08827006641992187
0.0882915115241697
0.0883075860520982
0.08831486693072808
0.08832058952671648
0.08833872387250687
0.0883467933064769
0.08834897346404234
0.0883564019570713
0.08836413351634381
0.08836808324759729
0.0883700931324829
0.08837951287248842
0.08840701166197286
0.08841925884839011
0.08842984353728763
0.08845963411648936
0.08846111248314263
0.08847524495726532
0.08847535387020483
0.08848177624599529
0.08848587389127835
0.0885036759334389
0.08851301268277069
0.0885172121023906
0.08854958952426717
0.08855644360257649
0.08856103591669502
0.08863939609093406
0.08864580778411034
0.08865149630962962
0.0886520549313779
0.08866962385703063
0.088674755002905
0.08868063945597018
0.08868697318801728
0.08868973181179635
0.0887143842189553
0.08873009002833614
0.0887378895366764
0.08874327125023908
0.08874416968499606
0.08876458053303166
0.08879024262833257
0.08880921436195076
0.08881087391524119
0.08882021373787038
0.08882078124717634
0.08882981567362472
0.08884860387204448
0.08885278196446059
0.08888222650970834
0.08889086816502872
0.08890052779223062
0.08893929681355384
0.08895716432889826
0.08898037222432292
0.08898217578133732
0.0889893993943003
0.08900846469080016
0.0890311264185076
0.08903174474997361
0.08903675825862233
0.08905914849433783
0.08906787807191659
0.08908059804274673
0.0890930885557671
0.08909638040132453
0.0891006697294935
0.08910399996574814
0.08910508599236092
0.0891063959538159
0.0891075005648137
0.0891089742908708
0.08913117804002478
0.0891354875977083
0.08914138635946293
0.08915364206752609
0.08916903057201982
0.0891714732010284
0.08917404623696462
0.08919002751947602
0.08919040571857767
0.08921937461566386
0.08922184765652702
0.08923333813957174
0.08924399460274014
0.08925261273708858
0.089271610284207
0.08933534373575433
0.08934354885423358
0.08934969504740109
0.08936245878473348
0.08937500676261065
0.0893928604039586
0.08941301368964559
0.08941877456388804
0.08942512486101531
0.08943860463993408
0.08944464474477336
0.08945792808403384
0.08946228147183541
0.08948509586351885
0.08950045391607653
0.08950734518633698
0.08951598896611161
0.08951965405300231
0.08952371555481231
0.08953086958452397
0.08954007695249132
0.0895531506549921
0.08955383300904313
0.0895773552107668
0.08958379014105505
0.0895841471031512
0.08958722603934546
0.08960116361362301
0.08960480133262835
0.08960761631190967
0.08962776476012042
0.08963198371107114
0.08963214531377231
0.08963883834686226
0.0896436454183527
0.08966406230710837
0.08967439565117018
0.0896824573003221
0.08968872112180906
0.08971047019977385
0.08971353915328774
0.08971651102335591
0.08972116878185438
0.089729898379225
0.08975417786203908
0.08976186890470386
0.0897648344542094
0.0897666180499329
0.08977586135133371
0.08980047697177118
0.08980873455117253
0.08985745225206873
0.089900233309564
0.08990567457978602
0.08992726947321898
0.08995068560433454
0.08996358395298391
0.0899786220837044
0.0899872232226499
0.09002896267035884
0.0900435744283692
0.09004431572597145
0.09006493623079846
0.0900668465432336
0.09010750180120024
0.09011849436878493
0.09011956727119211
0.09014661830310196
0.09017757551533119
0.09019766189643258
0.09019941348824356
0.09021231590612513
0.09021691754934733
0.09021878187327925
0.09028245875775384
0.09029408491943304
0.09029775905678145
0.09031158840776353
0.09031813889690733
0.09032603512750381
0.09033609331790475
0.09034262577465427
0.09034894827803211
0.09035196057979565
0.09035259339631588
0.09035820450313328
0.09036758519060897
0.09038034247954606
0.09038123054445298
0.09039308726307319
0.0904156695284199
0.09041960025896234
0.09043335529724143
0.09043560567649125
0.0904378898792548
0.09044726709422694
0.09047643954176215
0.0904810330131218
0.09049495186423873
0.09050393348574519
0.09050675807131843
0.09053322790311147
0.09055421846113669
0.09055479263522746
0.09055707934360765
0.0905588514929996
0.0905588813158837
0.09056333808619199
0.09057811110906373
0.09058937239500651
0.09059300098477523
0.09059904305298914
0.09060277091299447
0.0906646552702918
0.09066920146239474
0.09067477470096794
0.09068059310741504
0.09069003485635248
0.09069372639891975
0.09070255667879137
0.09071532250874437
0.09072038655915372
0.09074768844853233
0.09076034391194614
0.09076532753741438
0.09076591285438664
0.09077021924375787
0.09080188024094282
0.09081429770865884
0.09081752207395262
0.09083568395396162
0.09084438264853596
0.090857504133232
0.0908588761907024
0.09086528851034635
0.09087322065888759
0.09087749353047969
0.09088277790432275
0.090896035035285
0.0909021792083947
0.09090629800792119
0.0909063459875458
0.09092658768990941
0.09092724427605567
0.09093381943829922
0.09094909524088153
0.0909491048753052
0.09095203948220247
0.09096382442850466
0.09096922027860059
0.09097581888506133
0.09097731557229981
0.09098360342462763
0.09098511117014893
0.09099921859731801
0.09099995625544613
0.09101655553051156
0.09103554397276561
0.0910480878963982
0.09105858262527519
0.09106481957035359
0.09107493550427727
0.09107680087829652
0.09109274517296273
0.09109986091084837
0.09116134332550362
0.09116833598607199
0.09118424419068043
0.09120954845831028
0.09122898118487424
0.09123682285877296
0.0912502159993361
0.09125321807662023
0.09125912526302944
0.09127821785553701
0.0912868725261112
0.09128909004430916
0.09129746712943998
0.0912997716761584
0.09130792267132667
0.09130988214964166
0.09131646231207308
0.09131727640744534
0.09131803712287954
0.09134812663041028
0.09135014783741445
0.09135222610833779
0.09135470090595127
0.09135801341842509
0.0913703565978918
0.09137961996743822
0.09141095705579064
0.09142398553061568
0.09145156364662321
0.0914541546166718
0.09146377488963146
0.09146624721539176
0.09146652862333421
0.09146879397586585
0.09147288430510792
0.091496749619832
0.09149775170789586
0.09150898526984609
0.09150977056324869
0.09151052081584374
0.09151369492569272
0.09152429956358929
0.09153712311953521
0.0915547315653525
0.0915694988371532
0.09156966291845513
0.09158730889305845
0.09159500465221576
0.09159897042360719
0.09160815767588854
0.09161134533830495
0.09161288387425838
0.09163103320360837
0.09163585756505968
0.09166832744143724
0.09166858295945833
0.0916772637352353
0.09167792003626941
0.09168800493204002
0.09168867553418164
0.09170710626364446
0.09170753220924265
0.09171191586652808
0.09171304499445963
0.09171557814113347
0.09171637043592033
0.09173668552808825
0.09174782179806842
0.0917669546125828
0.09177087715623106
0.09177201735669106
0.09178190813780997
0.09179070413428635
0.09181346036628739
0.0918199473816185
0.09184072662921923
0.09184258378610778
0.09184260781105393
0.0918631622346063
0.09186385700234116
0.09186792253590353
0.09187247956762047
0.09188312420195925
0.09188880096225616
0.09188992929313657
0.09189611371716133
0.09190626651687124
0.09191578938971619
0.09191770047221982
0.09192436670405955
0.09192491492827115
0.09193120814183121
0.09193400716217623
0.09195818898852695
0.09196613393172615
0.09197340036477056
0.0919786067787601
0.0919862415290217
0.09198774590076605
0.09199199912115542
0.092009261744255
0.0920212323230684
0.09205497151777295
0.09205975953595362
0.09206624822624705
0.09208050875736842
0.09208655048588235
0.09211334131600321
0.09211651527925264
0.09212180193313844
0.0921277024386371
0.09212865469963256
0.0921293758769703
0.09212957903313161
0.09213045954262708
0.09213275115555558
0.0921366080129732
0.09213934857958525
0.09214040742480266
0.09214244848613733
0.09214333579866497
0.09215547757408511
0.09215877659301339
0.0921712551691142
0.09217437209129836
0.09219032341425633
0.09219164383447884
0.0922040040541996
0.09223010836814739
0.09223954610446257
0.09224281620224417
0.09224654374000572
0.09224962585732774
0.09225883267728925
0.09226380640624983
0.09227360052195202
0.09229161984651536
0.09230453332642867
0.09230854578625344
0.09231100934819245
0.09231643556758702
0.09232288110306774
0.09232540409325476
0.09233675749988116
0.09235436854626056
0.09236733148235698
0.09236804227853627
0.09238461991905157
0.09238621341142934
0.0923912634614557
0.09242307549721339
0.09242970192691245
0.09243501413521317
0.09243519921478446
0.09245858044728784
0.09246248528406538
0.09247176663294907
0.09247225983574765
0.09247706497534106
0.09250747626021237
0.0925191981014789
0.09252884056923867
0.0925315338254184
0.09255277508562759
0.09255903883743524
0.09255908389475986
0.09257170436336179
0.0925840823233034
0.09258549818419812
0.09258747203127635
0.0926153262398972
0.09262819387020291
0.09263928377256535
0.09267440993576505
0.0926764334407836
0.0926830991630717
0.09270525740324746
0.09271130343501283
0.09271551390244075
0.09273211833793289
0.09273583235274147
0.09273990957803416
0.09274583530336057
0.09274770604767259
0.09276776793501357
0.09277213201520752
0.09280500146482064
0.09285515359972263
0.09286501503066305
0.09286828120746699
0.09287879387793052
0.09288181386979515
0.09288598384112963
0.09292156656959713
0.09294995330314049
0.09296123630600783
0.09297530878944033
0.09297715584245278
0.09298297385165392
0.09300944671524686
0.09300947195817136
0.09301265682690328
0.09303685481704912
0.09305130670389838
0.09305515768533436
0.09305794769452205
0.09307379392598979
0.09307452339934612
0.09308402274368772
0.09309710775788146
0.0931001708042616
0.09312380437492541
0.09314045393758438
0.09314744456620226
0.09316482554282314
0.09318659681767565
0.0932091481726445
0.09321708407767929
0.0932455183167709
0.09325068614640969
0.0932557563748033
0.09325704470769308
0.09325982113370795
0.09328181618552177
0.09328529689073993
0.09330824520442678
0.09331999724311797
0.0933384695185698
0.09334388911559365
0.09335157879417137
0.09335433942078955
0.09341103452262839
0.09341952067498246
0.09345074060236117
0.09346399995065635
0.09346807266131277
0.09348693609470671
0.093491794856605
0.09349187289126747
0.09349528563538803
0.09349548368259301
0.09350941576653472
0.09350983036690243
0.09351849285982408
0.09352674578802768
0.09352822381626345
0.09353816897901482
0.09354059155845958
0.09354379708565727
0.0935445755206691
0.09355145112621266
0.09357324190782305
0.09357332401047015
0.09357823164267527
0.09358323081914356
0.0935899109185122
0.09359499749742349
0.0936040197809765
0.09362029399370528
0.09363091211171576
0.09363434171307863
0.09363634078928632
0.09363969578976566
0.09364261331151638
0.0936654698739779
0.09369767793598685
0.09371426515949739
0.09372575374342815
0.09372723287317285
0.09374297630715855
0.09374669164778605
0.09374961560121137
0.09375577647926385
0.09377221846707649
0.09379118733540555
0.09381888623567929
0.09382376180681506
0.09382724236070214
0.09387034515177592
0.09387098446173282
0.093871915673297
0.09387225411660673
0.09387872843078225
0.09388952707708292
0.09389038216799303
0.09390500066404095
0.09391142842466957
0.09391783202364007
0.09391916234727087
0.09394672800158894
0.09395936221196655
0.09396545454232534
0.09396738529695324
0.09397065514208798
0.09397183641638782
0.09397483920021206
0.09397894181564657
0.09398251925583405
0.09398849230530262
0.09400442942520722
0.09401104867262969
0.09401803843590695
0.09402652305155434
0.09403494770819844
0.09403705474469642
0.09403870702291138
0.09404079475174539
0.09404275559135708
0.09405288077586152
0.094058427808983
0.09407529119530615
0.09407606073942021
0.09409338810217442
0.09409690826302643
0.09410303431106194
0.09410313866762074
0.09411754361058135
0.09412345247869829
0.09413040412642801
0.0941312340836126
0.09414010094027819
0.09414997087340422
0.0941608392634042
0.0941700771331941
0.09417314730994537
0.09418763881871225
0.09420998827369473
0.0942202451306325
0.09423817387997156
0.09424007812256292
0.09424239764346272
0.09424352000541376
0.0942591733980041
0.09426114596024
0.09426568390090677
0.09426698301150566
0.0942674656588575
0.09427257387344724
0.09428020724916822
0.09428185365784766
0.09428292632250389
0.09428637247702101
0.09428680631378514
0.09428884936266668
0.09433841553088897
0.09434578426956883
0.09435720873623597
0.0943698455602322
0.09437150415092516
0.09437324238743357
0.0943963665363548
0.09440123989312556
0.0944087718829582
0.09441999341069696
0.09444552149541603
0.09444810652185907
0.09444941588670475
0.09446223887064845
0.09446283065084439
0.09447023890884246
0.09448060889169695
0.09451195138283079
0.09451630320209478
0.09451710545785551
0.09453905944951842
0.09454862423173517
0.09454917849984876
0.09456252701627656
0.09458670171222466
0.09461760201781658
0.09462311518643869
0.09462393839881082
0.09463399426245946
0.0946394498183922
0.09465160830268261
0.09466727378651607
0.0946705844758732
0.09467380404517689
0.09468941618286524
0.09469717971334246
0.09469790909497579
0.09470520279831052
0.09471834523400428
0.09471922908454497
0.09473032833886798
0.09474466536251026
0.09475563650752705
0.09477856478568249
0.09478350402621721
0.09479906167865325
0.0948018013045328
0.09480916173069175
0.0948240560186909
0.09485617324038106
0.09487194642318172
0.09487274070088378
0.09489288355356168
0.09490443794515582
0.09491153729339877
0.09491821383865424
0.09492566334807938
0.09493023892224918
0.09493061546740293
0.09493312199450266
0.09493740497574946
0.0949396643768016
0.09496820124175663
0.09496885742563219
0.09500136960521148
0.09502703400508379
0.0950356594496522
0.09504534221660182
0.09505423857160032
0.09505667768983228
0.09505939314903544
0.09506015085396059
0.09507260563318458
0.09507398141840863
0.09508481575203417
0.09510927433832869
0.0951104253886225
0.09511052894127195
0.09512287992035239
0.09514235843122025
0.09514552452326126
0.09515726912413153
0.0951643058198689
0.09516601255239668
0.0951808145184409
0.0951908995598386
0.09519290261080632
0.09521275727974754
0.0952377499546495
0.095246181329794
0.09526080938513426
0.09528743083883703
0.09530250732486209
0.09530785412085263
0.09532792657362642
0.09533585281699668
0.09535115735663614
0.09535943226961026
0.09536364924197331
0.09536723438778548
0.095378330779376
0.09538394183085094
0.09538534310209676
0.0953877679698634
0.09539702727943275
0.09539892406307936
0.09540727365566895
0.09541112464510494
0.09541588125178035
0.09544348809346634
0.09544534038947951
0.09544690061622314
0.0954515396202367
0.09546515419978417
0.09547535356978397
0.09547573417438977
0.09547804891888008
0.09548657644618505
0.09548859037722382
0.09549010661277886
0.09549264064711432
0.09551037204172041
0.09552085636861077
0.09552405291145115
0.09552648805301173
0.09555128186563876
0.09555469065650594
0.0955828152983523
0.09558573455432699
0.09558578437387744
0.0955920902468885
0.09559433693943932
0.09559644509993691
0.09560546196082843
0.09560771032907804
0.09562311740713596
0.09562487552561669
0.09562514479513366
0.09563233091555984
0.09564088881801121
0.0956438631951021
0.09565493984648137
0.09566300607936991
0.0956639548255286
0.0956687133460007
0.09567492902522033
0.09568629805717506
0.09569245921115516
0.09569524144658653
0.09569772437838266
0.09570261815280638
0.095713408779251
0.09571430747741749
0.0957297070462783
0.09573022735926978
0.0957400785349669
0.09574907112493997
0.09575770597681334
0.09576136484562484
0.09576487994672749
0.0957651534360998
0.09577148633654298
0.09577395974734147
0.0957961929357317
0.09579814381664781
0.09581304550772254
0.09581537991572532
0.09581674538537176
0.09582825527248394
0.09583985895166017
0.09584427264700608
0.09584523768534853
0.09585251810776815
0.0958832098831176
0.0958966686443344
0.09590598696007835
0.09591332408357774
0.09591344249855518
0.09592104208257496
0.09594551608222648
0.0959460640805583
0.09595552861982247
0.09597679278175558
0.09598031777998592
0.09599827016142848
0.09599945297299232
0.09600545442602293
0.09600703035987716
0.09600817258208802
0.09600958739444314
0.09602351414635965
0.09602843305254072
0.09605352336805065
0.09605417255932247
0.09608658694350936
0.09608926031544188
0.09611677813242166
0.09611717629762671
0.09611756027140533
0.09611941962037955
0.0961337758324073
0.09614749549157918
0.09615437300984515
0.09616202724515492
0.09618033798700357
0.09618987048317348
0.09619603798699791
0.09619871168896578
0.09621213149502879
0.09623144607697653
0.09623974860281258
0.09624228392503135
0.09624595752844453
0.09625721222454352
0.09625850219611048
0.09626153901065512
0.09626248848601994
0.09626365508007755
0.09626728332501758
0.09627032168722562
0.0962760398488452
0.09628059693784595
0.09628068080439019
0.09628242189656883
0.09628951036925812
0.09630117867753744
0.09630523590061295
0.0963164677893583
0.09633291017690437
0.09633479496425561
0.09633964811683615
0.09634646901837318
0.09635146436723871
0.0963533496945455
0.09636326460228106
0.09636446321333599
0.0963941126636935
0.09643737590084937
0.09645385992771227
0.09646235849478622
0.09646249333080033
0.09646429929611473
0.09646845273741873
0.0964748521106297
0.0964862882078825
0.09650691232196111
0.09651533264616188
0.09652042219696598
0.09652979356959154
0.09654093128426151
0.09657410606040454
0.09658679221062624
0.09659484963211729
0.09662238230551758
0.09662955082141823
0.09663757888060359
0.09664510674581804
0.09666277893303064
0.09666550326215677
0.09667560320182493
0.09667595583452891
0.09667652299484987
0.0966818867904698
0.09668241406130368
0.09668440360008411
0.09668543690708696
0.09668898500817033
0.09669561208447582
0.0966980482413985
0.09675635820042791
0.0967565941471908
0.09675965371654945
0.09676115932284861
0.0967778461270861
0.09677895724386554
0.09678062624323214
0.09678528978479049
0.09679687366304357
0.09682369413959
0.09685072282376385
0.0968572202410245
0.09687225022035817
0.09687510348085011
0.09687519918505696
0.09688303292110075
0.09688656951350294
0.09689631096192869
0.0969005463675959
0.09690482636765212
0.09691355923213137
0.09691986089337844
0.09692623008450196
0.09692967171005902
0.09693860597472269
0.09694036910532344
0.09695363046342016
0.09695679784939482
0.0969600695856473
0.09698243764322888
0.09699562560770346
0.09699925668006812
0.09700103351856607
0.097003718593961
0.09701511618615997
0.09703916421181964
0.0970394548403698
0.09704582823832973
0.09705134475386602
0.09705204038575393
0.09705406737962181
0.09705765188608655
0.09707147331518781
0.09707507088999928
0.09708052259025317
0.09709934983644747
0.09710396092359974
0.09710553755923029
0.09711545765520524
0.09713129248701652
0.09713649767721504
0.0971498930161656
0.09715120059249305
0.09715514304200912
0.09715846060490128
0.09716221507455142
0.09717534098759782
0.09718642830528917
0.09721176704277175
0.09721577513801388
0.09721910491984702
0.09722089013840426
0.09724188219804494
0.09725895059114528
0.09726372014360532
0.09726932755135148
0.0972746244443778
0.09728899373595841
0.097289333442529
0.09729057372747402
0.09729912712998968
0.0972997150207627
0.09730463020402988
0.09730601497124046
0.09732351042451177
0.09732675689889067
0.09733350902587425
0.0973475254656974
0.09735633314171047
0.09736379509604134
0.09736836475568435
0.09739579932982625
0.09740943841646947
0.09742049077793785
0.09743869973655024
0.09747172840953995
0.09747281264916624
0.09747860681905632
0.09747933512562433
0.09748192430390326
0.09748390306650596
0.09751200059568152
0.09751429786011385
0.09751627928111321
0.09751868399842893
0.09753101491727473
0.09755505389012882
0.09756113533068655
0.09756523335743535
0.0975775888938705
0.09758236350559231
0.0975882733956959
0.0975894442172652
0.09759110331069679
0.09759853926820594
0.09760648574885494
0.09762212284140505
0.09766695502405273
0.09766713113578945
0.09766863157279343
0.09767033728008175
0.09767558859406886
0.09769427670008309
0.0976947742390329
0.09769573076872495
0.09770826913038179
0.097714489915445
0.09771801171231126
0.09772147331765094
0.09772649277538557
0.09773296829388166
0.09775028634729839
0.097765260551775
0.09776843084128779
0.09778542014626757
0.09778592565012426
0.09782194689385415
0.09782913570471005
0.09783760062844007
0.09784204467054496
0.0978591680463814
0.0978631659912337
0.09787045389609106
0.09788053942506024
0.0978914308085189
0.09789638191321941
0.09789654153172948
0.09790716734375025
0.0979122256912464
0.09791907580047751
0.09793468336529373
0.09793845097448522
0.09800089742386706
0.09801363402178134
0.0980161969874691
0.09803071396316122
0.0980390871158985
0.09806870522228173
0.09807260048834578
0.09808331187461089
0.09808617811501591
0.0980907491536395
0.09810329711031249
0.09810466082188124
0.09811453879796059
0.09812856219999742
0.09813278616633835
0.09814308719998976
0.09815562795952634
0.09817444192487422
0.09818259853324475
0.09820155075006941
0.09822134863065649
0.09823589162786446
0.09823830961580318
0.09824723924791039
0.09826457486514584
0.09829683981619675
0.09830991841640704
0.09831317860584127
0.09831908391689922
0.09832139856926568
0.09832391598207041
0.09836083346147965
0.09836857281911679
0.09837181401102542
0.09837338124635603
0.09838171453029751
0.09839401436883394
0.09839458538603643
0.09840350955873213
0.09840944865570138
0.09841858984613085
0.09842500503423442
0.0984301358933222
0.09843497171656913
0.09843768873405602
0.09844736104384896
0.09845025933467538
0.09845682833582405
0.09846823228251228
0.09849083288947288
0.09851219888437514
0.09852492538825611
0.09852553217174044
0.0985261091631646
0.09854151524701504
0.09854830871270834
0.0985501820345842
0.09858113311096019
0.09858115604681063
0.09859286515895226
0.09860813224528052
0.098609198955248
0.09861382361797444
0.09862940472654023
0.09864570737154142
0.09865967660882055
0.09867471389580985
0.09868784789194875
0.0987001265968656
0.09871251999484429
0.09871949809213303
0.09872825743995814
0.09874293161512947
0.09874322932845314
0.09875093215009546
0.09875799756767668
0.0987597640744337
0.09876480372515616
0.09879657084061827
0.0988022464698749
0.09880936587323927
0.09881034644851149
0.0988119026001495
0.09881485421498001
0.0988249395714767
0.09882646919041915
0.09882832647125812
0.09883489383430594
0.09883835929856055
0.09884810771109391
0.09886746515981303
0.0988699795286622
0.09887359558956961
0.09887612206716431
0.09887741748822754
0.09887809119782008
0.09888894726539173
0.09889100510899146
0.09889506028983683
0.09889834502241937
0.09890044073008232
0.09890584312116228
0.09891796427065332
0.09893348047528992
0.09894063442875374
0.09894827286972022
0.09894949176595243
0.0989568886589691
0.0989580425043089
0.09900158349402227
0.09900855911617575
0.09901387066509408
0.09901745381647083
0.09902931438077267
0.0990308371424314
0.09903398599578783
0.099040816758118
0.09905542317420418
0.09905797376894351
0.09906687483634373
0.09908391774460301
0.09908667818089287
0.09910776331176077
0.09911999033504193
0.09913024805498939
0.09913819321418123
0.09915249548743026
0.09916100119247037
0.09917047052782418
0.09917439177704017
0.0991744709497606
0.09917494419255757
0.09917607309126465
0.09918746178074833
0.09921062475144436
0.09921192862399186
0.09921767464557629
0.09925502340027938
0.09925592917546566
0.09926813069874386
0.0992831989992208
0.09929309136940923
0.09929593345470747
0.0993023407519876
0.09930969154612304
0.09931326885100626
0.09931543790424763
0.09931610318093728
0.09931993906411712
0.09934775501476431
0.09935113582702045
0.09935418218672058
0.09936503930165143
0.09939127590328402
0.09941010658020039
0.09943407003546502
0.09945658714121024
0.09946349657996635
0.09946615188816234
0.0994819285675899
0.0994859514571524
0.0994900155763053
0.09950822674207552
0.09951735233817034
0.0995282196189837
0.09954791758520402
0.09955079892527119
0.09955485019181214
0.09956632712272623
0.0995666842352132
0.09957349060634459
0.09957705631518575
0.09958741922909196
0.09959243236214392
0.0996099239392291
0.09961547154611607
0.09961701997561831
0.0996288453647502
0.0996482779991462
0.09965409019527019
0.09965739821099769
0.09966189569713632
0.0996839783436933
0.0996852238910337
0.09970723756361438
0.09971247805147988
0.09972668771238986
0.09972715433777722
0.09974504734408211
0.0997700991895243
0.09977208528038854
0.09978494575695358
0.09978747486536828
0.09980448203777269
0.09980646532831805
0.09982683515094085
0.09983313128532323
0.09983398243667169
0.0998422636088084
0.0998799136370901
0.09991310493511621
0.09991825513776027
0.09993052768233712
0.09993924155825286
0.09995906203958194
0.09996264807959825
0.09996486681584905
0.09996888725487957
0.09997610805374918
0.09997853279631155
0.1000113176612898
0.10002477385620734
0.10002676086800348
0.10002811112391943
0.10004263653678011
0.1000499292114092
0.10005463926230503
0.10006005488533601
0.10006521873816955
0.10007620716118262
0.10008187054045219
0.1000821724218278
0.10008704575304751
0.10011161172891855
0.10011298021008505
0.10011316427065127
0.10011625959659472
0.10013518056427263
0.10014573771448519
0.10014682744862984
0.1001612071192584
0.10017150591127814
0.10017327887646861
0.10017519929233867
0.10018763230218354
0.10018846904059832
0.10019973393210961
0.10022252705444604
0.10022929637373551
0.10025287484797817
0.10025355001318408
0.10025767205505129
0.10026916750205803
0.10027728403949335
0.1002814692172779
0.10028335482033972
0.1002866052930324
0.10028663723539853
0.10028936286004694
0.1003025802898126
0.10031524996547848
0.10031621251255093
0.10031640308186654
0.10033469805165142
0.10035720767847867
0.10036683751060275
0.10037087098114508
0.10039915160565141
0.10040126958852598
0.10041631220732214
0.10041928481871551
0.10042185844570427
0.10043001934470347
0.10049779353758787
0.10049942862802419
0.10051868142851735
0.10052151845142179
0.1005276084246124
0.1005357575238384
0.10053692595668796
0.10054381895161035
0.10054421401449884
0.1005466216000759
0.10054992730179187
0.10055032656511892
0.10055295021958424
0.10056390843809743
0.10056933205181547
0.10057071925316922
0.10060711857161113
0.10063420342799712
0.10063878222102068
0.10064196632560857
0.10066812646177706
0.10067397569230577
0.10067887941484542
0.10068214407774223
0.10070059723929652
0.10070506283976186
0.10071004662398966
0.10071167772193446
0.10071563221656345
0.10071587369502076
0.100739622751336
0.10075188978352574
0.10079476478360633
0.10079899932651261
0.10087124581609037
0.10087254798454469
0.10094682107460747
0.10095568128837963
0.10096176192340611
0.1009622031049959
0.10100503425076066
0.10100773246239937
0.10101102254792603
0.10102742285280102
0.10103429788683004
0.10104538024174449
0.10105127717349807
0.1010753911356252
0.10107856504810228
0.10108610674670841
0.10109251149559789
0.10109368065525526
0.10109787310058935
0.10109842555056726
0.10110900646830143
0.10110940833127631
0.10111790466842159
0.1011329115225469
0.10114804433799349
0.10116273905559292
0.10119275798501347
0.10119575771149797
0.10121938640307086
0.10122417659022868
0.10123163484987606
0.10125591514758646
0.10126264167873773
0.10129899832295017
0.1013192300665628
0.10132580125661314
0.1013302032156006
0.10135996458835578
0.10136096752005892
0.1013964034939163
0.10140343807823546
0.1014125065373298
0.10142083651627554
0.10148916019463314
0.10149095456674508
0.10150099683874869
0.10150253418542078
0.10151136601613839
0.10151183000431714
0.101535422514667
0.10154556505524917
0.10155550601227745
0.10155959336757235
0.10156978593456889
0.10158599036600906
0.10158832595622874
0.10160398119124331
0.10162038050538592
0.10163449615721806
0.10164110874787878
0.10165063420832984
0.10165233921443836
0.10165379831307365
0.10166584777202152
0.10167024051450167
0.10167210787341534
0.10169061048474082
0.10169238773742227
0.1017051236718209
0.10171706187459761
0.10174121034316916
0.10174540002910795
0.10175459697139193
0.10176932829055937
0.10177044460640025
0.10183013437047142
0.10184731286307373
0.10185249223454214
0.10185709519981287
0.10185933798515369
0.10186338319188362
0.1018711746635467
0.10189070964530399
0.1018907740374162
0.10189207221502168
0.10189723124337798
0.10189768785145767
0.10191818033414415
0.10192069625422363
0.10194418058785748
0.1019534619352213
0.10196416955587803
0.1019783762481416
0.10198751673705644
0.10199420517375252
0.10200617104258818
0.10201330097902432
0.10201835766292094
0.10202903364665102
0.10203837565483258
0.10204910052455878
0.10205004384379399
0.10205733260818163
0.10205790490348696
0.1020680750872608
0.10208060370643436
0.10208116190985479
0.10210219350650108
0.10211475336862437
0.10211672535180102
0.10212045092990134
0.1021260272226816
0.10215095651466029
0.1021567285768232
0.1021635080981538
0.10218083945531947
0.10218324050702395
0.10218351382706546
0.10219005070036764
0.10220285921208631
0.10221668032582229
0.10221974513654056
0.10222704929269677
0.10223526705652981
0.10224541536133776
0.10225227675433578
0.10226660126325647
0.1022803405520613
0.10228139719389161
0.10230556332468317
0.10230702338947738
0.10230763582605643
0.10231207698370687
0.10231890505574565
0.10231998211787974
0.10233619615075512
0.10234440304398976
0.10234825112744762
0.10238698472802114
0.1023892715436382
0.10239231055453642
0.10241199803225745
0.10241747399828105
0.10242955814190817
0.1024302699859884
0.10245134096434841
0.10245163507464568
0.10245625751045219
0.10246385694303511
0.1024701396699598
0.10247058066350338
0.10247119286298698
0.10247903695497601
0.10250085121595866
0.10250244273218491
0.10251212702315263
0.10251292908250119
0.10251329143778667
0.10254986144167733
0.10255621412428276
0.10255774023999437
0.10256235244996552
0.10256288149510363
0.10256417841381034
0.10257044082118082
0.10257058833571575
0.10258079350561496
0.10259445164925775
0.10259502935694831
0.10259781253316332
0.10261382821746842
0.10261417969343022
0.10262097286706896
0.10262960721488434
0.10263267858553286
0.10263616318018334
0.10264475828070375
0.10264994682613535
0.10265290948909724
0.10265814812164006
0.10265916057002605
0.10266312697589222
0.10266759762289579
0.10268695742579222
0.102702162149555
0.10271220535992734
0.10274736629428752
0.10275086805440031
0.10275756200159152
0.10276004231545013
0.10277092749991958
0.10277311874301265
0.10279081542172105
0.10279698575404854
0.10279895931035793
0.10280578306584673
0.10281129560236973
0.1028259142448086
0.10282766566208947
0.1028454538231069
0.10285971206433521
0.10286202256104253
0.10289334994646619
0.10290693519953953
0.10291876754814636
0.1029197668011446
0.1029303420801146
0.10293201955594734
0.1029361254373974
0.10294034537734147
0.1029515205010791
0.10296079911300075
0.10296196314976845
0.1029723175996963
0.10297330307132838
0.10297823929648238
0.10298377646321506
0.1029953485618394
0.1030096994817368
0.10301665791850731
0.103019643844471
0.10302893697683362
0.10302910550193506
0.10302987132823663
0.1030421001040192
0.10304544277362557
0.10304767855489352
0.10307086027780778
0.10307387839423122
0.1030825248809269
0.10308838804507627
0.10308988964028115
0.10309636517929266
0.10310416641966397
0.10310481241112401
0.10311035663962614
0.10312519271114981
0.10315163362617621
0.10315400701254311
0.10317442799460073
0.10317771632405702
0.10317848252919307
0.10319995166823903
0.10320013030665662
0.10322478361630671
0.10322790654709996
0.10322805018197116
0.10322945777627568
0.10323080436565193
0.10324655505411981
0.10326264859233854
0.10326524935460392
0.10326916567109377
0.1032750121206705
0.10327681555432686
0.10329682288078455
0.10332056925679836
0.10332719100963915
0.10332844592110496
0.10334540858357165
0.10335569919606598
0.10335950167931472
0.10336013522643811
0.10337180292234946
0.10337546173772479
0.10338131830819358
0.10338255335892788
0.10339274352250317
0.10339985449020363
0.10340122987405612
0.10340441943667986
0.10341149829121042
0.10341585367314964
0.10343720861162133
0.10343967655906637
0.10345960199491566
0.10346278190790738
0.1035020114090153
0.10351742500687659
0.10352338264966063
0.1035265397599556
0.10354151477929313
0.10355241884615433
0.10355587356079818
0.10356459745678126
0.1035937177814438
0.10359449069276286
0.10361448834771207
0.10361725662373364
0.10362488997388798
0.10364735504748615
0.10364762011320278
0.10366104332868457
0.10366964564406264
0.1036842331683119
0.10369699473675073
0.10370328804766385
0.10371555282491586
0.10373176341389816
0.10373637337341618
0.10373819131482778
0.10374188135522631
0.10376569730264473
0.1037762842774
0.10377679202333556
0.1037823009057695
0.10381387462935446
0.1038158005893084
0.10383702577238142
0.1038404646018886
0.10385171641760843
0.10385270869620028
0.10385540176225477
0.10386120784013132
0.10387234970813544
0.10388138284511796
0.1038834377437619
0.10388723904067192
0.10389346715830895
0.10389566748108973
0.10390659894169557
0.10391210079882986
0.10392373407647912
0.10393287488484886
0.10393422341338152
0.10398965518482194
0.10402657829994261
0.10404023292943901
0.10404513247021054
0.10405371209723673
0.10411452469739194
0.10413617158559342
0.10414853603309775
0.10415132821588624
0.10415642908221516
0.10416459994077998
0.10419463315751984
0.10419654307511027
0.10419754085483261
0.10420622275797008
0.10422178931275039
0.10422899361152503
0.1042370719147334
0.10423950864592599
0.1042512254329957
0.10426106435102221
0.10427653974680148
0.10429145573262535
0.1043031578675606
0.10430318460614163
0.10431459009329852
0.10433502954883235
0.1043390319210578
0.10437650426575082
0.10438293048828164
0.10439546866658972
0.10442576963775518
0.10442672330841815
0.1044336458281929
0.10445834384284194
0.10450522251603046
0.10450800141737665
0.10452180253927841
0.10452883944660792
0.10453178656871077
0.10454855429347011
0.10455201721090109
0.10455789915094446
0.10456493896846028
0.10457129506517716
0.10457512007860656
0.10457730730096129
0.10459129407923234
0.10459442848906218
0.10461397068851015
0.1046358877067513
0.10465238279514998
0.104655914352621
0.10466413709143267
0.10466675111999936
0.1046676446692196
0.10467743497663437
0.10467854130224216
0.10468892831029523
0.10470017391738175
0.10470460241680976
0.10474261839825127
0.10474709603798817
0.10476027684628886
0.10476676957397335
0.10477341231471948
0.10477469781176366
0.10478092778011416
0.10478677099681731
0.10478715149375033
0.1047910220547741
0.10479511719816914
0.10479577516196097
0.10482399734534198
0.10482488076663368
0.10482612987292775
0.104835523024956
0.10483645445499151
0.10484560562921214
0.10485366069399604
0.10488831290173382
0.10489828571281011
0.10490258632584987
0.10492569258937152
0.10492613082289538
0.10493203320935553
0.10496013023948352
0.10496585936026638
0.1049830217391297
0.10498743758223417
0.10500684112510522
0.10502590050347019
0.1050414391272635
0.10504188358153468
0.1050451267152565
0.10504580711295262
0.10505041218773019
0.10505144279795814
0.10505497224477003
0.10505684523832583
0.10505759128444273
0.10505872982453691
0.105067913550783
0.10507578058636488
0.105093774627076
0.10509616168516009
0.10510572595711655
0.10511972587014491
0.1051302905688325
0.10513664449437067
0.10513811879544639
0.10514206476630188
0.10515342676803982
0.10518090956987712
0.10519214147586614
0.10519644123340667
0.10519870606909922
0.10520628514194678
0.1052208409398812
0.10522473657560567
0.10524440807981239
0.1052657473286967
0.10528872757130667
0.10530855244825774
0.10531283822638508
0.10531485989080476
0.10532345698045394
0.1053334596628285
0.10533539727165517
0.10535372988779687
0.10539047645522845
0.10539501475208987
0.10543858838364797
0.10545927966937055
0.10545938887805124
0.10546113195749189
0.10547610410202915
0.10548101783020968
0.10550016068203091
0.1055238299435887
0.10554549341376203
0.10555434550033496
0.10555614543022257
0.10555967856110557
0.10557457853804371
0.10558400953309917
0.1056197412825457
0.10563142016687367
0.10563184533144497
0.10563188876443119
0.10563952412405357
0.10564942960905366
0.10565516002511217
0.10565593966814293
0.10566455611002004
0.10568121819091934
0.10569206151480592
0.10570312466778854
0.10571173408453519
0.10571596379431543
0.10571782096338733
0.10571828129075886
0.10571889263387448
0.10572384446561275
0.10572978316279968
0.10573496721296688
0.10575301425178643
0.1057538649260894
0.10575407325707709
0.10577147914213245
0.10580529325560228
0.1058118787352368
0.10582355444932762
0.10583736002510975
0.10584479348009844
0.10584914546858817
0.10585111886374148
0.10585551235210564
0.10586782161969878
0.10586934070949758
0.10589479065373834
0.10589906358636686
0.10590657333639135
0.10592164210621657
0.10592806157622725
0.10593976910527199
0.10595054819835852
0.10595230404390461
0.10597183921285877
0.10597674141564783
0.10597729604163804
0.1059776080214024
0.10598298323754136
0.10598483228069729
0.10599563649974265
0.10599778315022967
0.10600760798139268
0.10601278084439444
0.10603371496048473
0.10605313171443735
0.1060639748150332
0.10607784738017503
0.1060798236631296
0.10608085065471937
0.106088411941698
0.10609084122356008
0.10610010245000762
0.10612231738922007
0.10615577406277497
0.106184871854475
0.10618961751959084
0.10621913356653029
0.10623691989731975
0.10625841220221241
0.10626547505334204
0.10626677593320992
0.1062680823638165
0.10628281709970035
0.10628291245208282
0.10629275984360716
0.10629476361589002
0.10629793886596302
0.10630326689425022
0.10631831220232524
0.10632305961953216
0.10632867967763153
0.10634868303821329
0.10636781967413211
0.10636911226945847
0.10637636269759017
0.10639588734026122
0.10640850170371262
0.10642446091093478
0.10642970170492715
0.10644813824155155
0.10646670344081345
0.10648013749573416
0.1065324382235343
0.10653276285785794
0.10656211750910176
0.10657682968093149
0.10658924588424853
0.10659161724358288
0.1066161222042865
0.10662161093656161
0.10663646664239342
0.10666531703545926
0.10667785256117039
0.10668578497105136
0.10668752140489403
0.1067274191072881
0.10673099042736907
0.10674190823114621
0.10675172469606017
0.1067547337168439
0.10677229174463829
0.10677415783247474
0.1067866692087269
0.10678957635999999
0.10679458336258396
0.1068114096270383
0.10683170079431077
0.10683287141224906
0.10685638410845025
0.1068772275645485
0.10689759044116773
0.10690191260475759
0.10692425604068513
0.10692650577203718
0.1069430364935931
0.1069504482981906
0.10695645323156326
0.10696936927252335
0.10697918919023919
0.10700460737774817
0.10700519554795287
0.10702109790055002
0.10702685846810024
0.10704476041563568
0.10707849094241574
0.10708210677861428
0.10709236052570172
0.10710064507571454
0.10712369925491551
0.10712407323506422
0.10712553022547192
0.10713623900080484
0.10714245949409187
0.10714253860856203
0.10714352998270706
0.10714809885970757
0.10715124065565097
0.10715532794709048
0.10717759701882522
0.10720623157425811
0.10724960652365825
0.10726007417928668
0.10726436854793531
0.10729616157591194
0.10731029399356255
0.1073147709968154
0.10732513473010065
0.10732939980798795
0.10734600737861649
0.1073462303349637
0.10736035996367572
0.10737301972087206
0.10737335973815013
0.10737856925838803
0.10738546495304763
0.1073932587374872
0.10740419138189997
0.10741983102578091
0.10742743561023808
0.10744228198592465
0.10744731532901508
0.10746747197049504
0.10746782428484039
0.10747689747589408
0.10750030331161681
0.10750595205709013
0.10750863479628364
0.1075191761616294
0.10752447105679543
0.10753033623321338
0.10753317387429158
0.10756195278028288
0.10756585763294928
0.10756607676170099
0.10756869062358533
0.10756979267624604
0.10757174556383568
0.10757858064494676
0.10758608262575664
0.10759379409840711
0.10761808181752062
0.10762619247613688
0.10763007644138713
0.10764644851337844
0.10766115674102505
0.10766405618115422
0.1076802861511915
0.10768196338366919
0.10770642370017379
0.10771887754742783
0.10772679690887949
0.1077473319625827
0.10775282352063754
0.10776810498496944
0.10777601278313984
0.10780323592600398
0.10781397890266071
0.1078203258266347
0.10782123312862137
0.10782607097277998
0.10782632774194453
0.10783385188192486
0.10784686226006646
0.10789819865606769
0.10789952655814468
0.10791058489158734
0.10793893770474651
0.10795640536974857
0.10797354825239391
0.10798608094493233
0.10800525421272024
0.10801792791445577
0.10802007803518668
0.10802549396118638
0.10803656488954294
0.10804258743369213
0.10804470379822773
0.10805093084628173
0.10805430562773033
0.10805863981652619
0.10806984899021324
0.10807415143325445
0.10807842436847322
0.10808897892495317
0.10810963990948017
0.10811777304938551
0.10813197829720965
0.1081579885372144
0.10815877623179884
0.10817220981008657
0.10817709236973268
0.10819038373205765
0.1082050158287171
0.10821514831484852
0.10822625158093803
0.10823254730597981
0.10823823499360792
0.1082780601462339
0.10828234601316147
0.10829551588396458
0.1082970979703695
0.10833202373347076
0.10834985029191925
0.10836297479966964
0.10836403046109751
0.10836932656029755
0.10837422970705274
0.10838920183717395
0.10838937689502205
0.10839680692648379
0.1084219119621815
0.10842299709886594
0.10842663822711854
0.10843165354281338
0.10845778462732637
0.10846502505099337
0.10847038222153163
0.10847740424128957
0.10852226423443417
0.10852385411884134
0.10853492252045928
0.1085474456950832
0.10858290930339805
0.10858442925135163
0.10858543111900511
0.10866846630721946
0.10867269047137301
0.1086734365563605
0.10870842575512005
0.10872349653452607
0.10872390997016054
0.1087723972472442
0.10886235950354164
0.10889442045195105
0.10890197783992507
0.10891369656539415
0.10892055876507806
0.10897951761721017
0.10898788744625458
0.10899430808586413
0.10899558993856022
0.10899811428541943
0.10902232297021237
0.10902773694388775
0.10906296966014715
0.10906780294141467
0.10910632271792677
0.10912856681237577
0.10912901409556826
0.10913373688419621
0.1091401502582927
0.10916888524770857
0.10917041732183096
0.10917332815515024
0.10917818776738861
0.10918201230965467
0.10918626878097298
0.1091894958233072
0.10922738433229603
0.10924867069755297
0.10925439273431804
0.10925946028728743
0.1092603465147878
0.10926167474889704
0.10928928033086709
0.10933049306854356
0.10934992661567848
0.10936361836499986
0.10937289718639173
0.10937805494778001
0.10938221564902004
0.10944450251590364
0.1094545626563654
0.10947550091705545
0.10948331132246439
0.10951519251544298
0.10954453364904145
0.10954651629258924
0.10955160429707111
0.10956151575149338
0.10956453112660518
0.10958500195553288
0.10958706588862137
0.10961435416449548
0.10962359854332722
0.10962430027558108
0.10963646934122318
0.10968053905391029
0.10968920509824241
0.10973813061401183
0.10978813450285926
0.1097922629119909
0.10979485702897693
0.10981291287079781
0.1098141816628266
0.1098213669747083
0.10982587856609219
0.10983206845953677
0.10985730010123711
0.10986786361205224
0.10988440235444517
0.10988680281854235
0.10989203973980008
0.1099261234073318
0.10993364153055935
0.10994417610447112
0.10994765235408563
0.10996824657599963
0.1099750064489015
0.10998115103127687
0.10998346713579844
0.10998497465826679
0.10998653888276966
0.10999518294484051
0.11001362062907366
0.1100265446381042
0.11006515437247627
0.11007868120355635
0.1100896454518045
0.11009352298328852
0.1102243578670457
0.11023264705991441
0.11023423378600498
0.11024697504271691
0.1102501192439432
0.1102516561177375
0.11025912881641371
0.11027559846855692
0.11027645401529407
0.110296181660433
0.11031515532003375
0.11037209269241431
0.11040424600699468
0.11040816445899888
0.11047961399782537
0.1104915958112311
0.11058755419983987
0.11061077908844788
0.11061250381068793
0.11061979370159188
0.11062200018796597
0.1106553780442006
0.11066200970969112
0.1106918284714385
0.11070593801426114
0.11070823375651222
0.11072473220773481
0.11073500400472704
0.11075429902757318
0.11078803177502872
0.11079782215876012
0.1108485242306747
0.11086400344862812
0.11090592714562485
0.1109399627623772
0.11094146970628782
0.11094401793713227
0.11098821808824673
0.11101185345941193
0.11102791178990318
0.11103761941377979
0.11103774057571275
0.1110399659376531
0.11106226128102427
0.11113253108161424
0.11114863679473436
0.1111547629443513
0.11116492019313096
0.11117730509665479
0.11122087203570016
0.1112318560238471
0.11126519227162326
0.11129736235877613
0.1113301335954414
0.11135771038327949
0.11136025689405749
0.1113650382631885
0.1113654700724145
0.11138743124439335
0.11139593276863409
0.11141863223943722
0.11142748446372007
0.11146828384420779
0.11149085533650463
0.11151809831116066
0.11155013594000414
0.11165885842239691
0.11166094103946883
0.11167610141516258
0.1116950555129145
0.1117078928258522
0.11171011143313044
0.11171875112408958
0.11174082296464095
0.11174155677726666
0.1117563850423632
0.11177525859422674
0.11178472479416603
0.11179631598691703
0.11180956593409414
0.11184238817356117
0.11188547115611341
0.11188759477974411
0.11190098382026431
0.11190677659654935
0.11191197814020366
0.11191832610704044
0.11192004232652368
0.11193081964333516
0.11193783767124453
0.11199496567845384
0.11201804178421343
0.11201988156954161
0.11202761271887984
0.11206606052463954
0.11207678923556767
0.1120771841089506
0.1120784263256449
0.1120892863104741
0.11210849078078979
0.11212629056299782
0.11213191972652731
0.1121436458207655
0.11216321674761995
0.11218259770036891
0.1121880019201379
0.11220117902824163
0.11220263609288035
0.11222317617948557
0.11222853629586892
0.11223513927537888
0.11224437547455333
0.1122460752999387
0.11225768267874968
0.11228089992942411
0.1122819698268359
0.1122821572506742
0.11228968389584136
0.11232446461148461
0.11234159200505818
0.11242608405941325
0.11244917840984571
0.1124528431545173
0.11245680221724269
0.11249718688070748
0.11251053745222059
0.11253510220722673
0.11258868688070668
0.11260548349377714
0.11261357477246553
0.11268970953139999
0.11270394244030711
0.11272571680128063
0.11277507438878753
0.11280691991727473
0.11281980126992888
0.11284078840235205
0.11284409287467168
0.1128531939858605
0.11288059462298566
0.11288835174751935
0.11290884815997602
0.11292947917334283
0.11293493597353947
0.11294626740771702
0.11296633058414193
0.11298900945811183
0.11304398681377179
0.11307134465331238
0.11307291125146207
0.1130740698442773
0.11311055731892039
0.1131363484060438
0.113152212370825
0.11315379810603891
0.11315987159466899
0.11318999905741998
0.11321113497635885
0.11321196173667994
0.1132289449506164
0.11325248593603923
0.11325505150523098
0.11325680374297506
0.11326225541156795
0.11327342301676037
0.11328269127569617
0.11329632719686156
0.11332184456123559
0.11333228990426995
0.11336226061924659
0.11338608133606559
0.11341346206754492
0.11343037941907982
0.11343065017122146
0.11343575877924497
0.11353633639171484
0.11354647278560809
0.1135610385271
0.11356927300928706
0.11357358207428137
0.11358339704993195
0.11359310916266281
0.11359734375300812
0.11363749056386988
0.1136606704918211
0.11367343463528011
0.1136919013299169
0.11372135140325815
0.11373240602400286
0.11375563260555277
0.11377467475451254
0.11377665662474098
0.11378430952970414
0.1137898874746818
0.11379239629334237
0.11383569240210638
0.11386367316577148
0.11387007622585568
0.11389404738633595
0.11399680782282248
0.11402335927132978
0.11404673501615363
0.11405359267996366
0.11408079170438953
0.11408113783927655
0.11410179005539983
0.1141070902756882
0.11410756017626936
0.11411808393506805
0.11413811198836213
0.11414245473110834
0.11414883099391843
0.11419015791903507
0.11419823544813579
0.11422294851041105
0.11424173350826705
0.11426498140684287
0.11429672262537434
0.11429731124609148
0.11431533771169572
0.11433061883396256
0.11433124563337263
0.11433413818751466
0.1143784612139962
0.11438908973419697
0.11439991120991798
0.11441223216930248
0.11446188267872369
0.11447844354155748
0.11449708728784928
0.11451423992742008
0.11451773482191831
0.11452232789523577
0.11458048297669497
0.1146021651173986
0.11462700915462484
0.11465147835025072
0.11467687943122097
0.1146865233337568
0.11468717840327305
0.11474392022730563
0.1147728488073804
0.11477394085041683
0.11477447582401945
0.11477503374127661
0.11477701691863686
0.11479747678144901
0.11481707686891635
0.1148262290471728
0.11484994664359266
0.11487174760418306
0.11492472852859154
0.11496039720525517
0.11498014141127767
0.11498379269094615
0.11508836462291994
0.11510063296987748
0.11510177549857158
0.1151132431518652
0.11511501890726718
0.115116262917593
0.11512814028277601
0.11514646033616899
0.11518456794926295
0.11519701078962982
0.11523707391634834
0.1152489357824778
0.11525695919928439
0.11526154444275838
0.11529260224557332
0.11529381674788619
0.11535436278122646
0.11536759857922595
0.11537181912343483
0.11537606477316745
0.1153796163699875
0.1154035990044798
0.11543786588217825
0.11545690145294717
0.1154910953942372
0.11549472424024274
0.11549992022041888
0.11550101380277845
0.11553318831816949
0.11553574875620876
0.11556727946024074
0.11558534007389573
0.11558916076926441
0.11560933281142653
0.11562476623346367
0.11562540904921641
0.1156321278883435
0.11563531574924271
0.11564173572443359
0.11564342471608527
0.11564723418126847
0.11565565670795908
0.11568545399029785
0.11568954413636677
0.11570278630755298
0.11570383847765055
0.11571275194228385
0.11571300065932486
0.11572166480829103
0.11573310658864995
0.11574306447968377
0.11574434775064883
0.11576224392807284
0.11577191567603562
0.11581270331662981
0.1158374702638461
0.11584787924344271
0.1158794542886889
0.1159047216082129
0.11592596784034134
0.1159458399411558
0.11594591964600455
0.11594718264590315
0.11601067655856703
0.11602610389883818
0.1160294730087845
0.11604202160348984
0.11605782520654713
0.11606098875566895
0.11608593782151032
0.11608922854467663
0.1160911662103662
0.1161198554552233
0.11615516890875874
0.11615740223921578
0.11617463240985203
0.1161834525279912
0.11621224904866886
0.11621460789699767
0.11621579934307537
0.11624301816287687
0.11625303062770598
0.11628953378511897
0.11630018751037965
0.11630735103802593
0.11631187258058774
0.11631589496573706
0.11636282969863752
0.11639016562507713
0.11640033077689603
0.11640727176661503
0.11642675892247095
0.1164502781661181
0.11645673812176884
0.11646857057036657
0.11648302612774172
0.11648628049855025
0.11652021104259631
0.11653703079519667
0.11654934877169103
0.11656683542161765
0.11657281085860713
0.1165813310725276
0.11659175519476062
0.1166089468214966
0.11661276093184313
0.11661289948143329
0.11665288784066903
0.11665480421251397
0.11673034625052932
0.11675423891469108
0.11676277653712896
0.11676978416168994
0.11678337174817495
0.11678997480654121
0.11680834595092139
0.11681150509134623
0.11684551550727945
0.11686070471784327
0.11686343649381445
0.11686852659182216
0.1168741370320821
0.11687892383968426
0.11691077183376203
0.11691297224802252
0.11695092333816505
0.11701904446332681
0.11703469784655517
0.11704845593739113
0.11706094183908529
0.11708965850791962
0.11709680746548995
0.11711402031733253
0.11711581400958021
0.11717139546906453
0.1171979231055814
0.11722243667503451
0.1172271871301814
0.1172450289438594
0.11726728373135942
0.11728417585553814
0.11728937846245567
0.11729651241231008
0.11730829520926087
0.1173554182151047
0.11735729388296937
0.1173824731057586
0.11738307366229943
0.11741127525800162
0.11741580678226798
0.11743602354796279
0.11745122257557017
0.11749373414220128
0.11752560319868348
0.11754819014181307
0.11755467552229487
0.11755736066544549
0.11756278888749445
0.11756746519103038
0.11760530292591935
0.11761422757251457
0.11762561305214161
0.11764481958866728
0.11765459804826599
0.11768181783355776
0.11769046306963474
0.11772477524398439
0.11775111480819392
0.11776649801732393
0.11778351543465322
0.11779011895291226
0.1178113847397346
0.11781511950433027
0.11782373285003056
0.11786184161723529
0.11786934082118375
0.11787457791220295
0.11788210070759597
0.11788284748940722
0.11788810249356162
0.117891180005609
0.11790066713244887
0.11791046864724017
0.11793088793165887
0.1179579027157393
0.11795794169690652
0.1179710546452645
0.11798875191782665
0.11802815968658431
0.11803601539492582
0.11807711441449532
0.11807886138910342
0.1180801314361576
0.11808176351110819
0.11810092862247654
0.11814367898177099
0.11815022471985248
0.11815283274060354
0.11818124543954864
0.11819407872529072
0.11820695611415205
0.11820735423126891
0.11821532933802968
0.11823158438487169
0.11823718994811558
0.11826809879967735
0.1182792699217625
0.11828339583984226
0.11828561252435298
0.11829510304189421
0.11830765593328149
0.11831969651691399
0.11835925502370816
0.1183620135084202
0.11836786031818158
0.1183693206296958
0.11838229531903378
0.11838579976095107
0.11843405322337726
0.11843736040485496
0.11846853756764647
0.11847436609521046
0.11847881347497677
0.11849953907100694
0.11850845912189556
0.1185363781193693
0.11854017703654722
0.11854682753152182
0.1185511346361912
0.11857246426018717
0.11857951890318119
0.11858100704713444
0.11858732012696664
0.11860211382189417
0.11866145048788887
0.11868957273604124
0.1186966495056558
0.11872706100087407
0.11873369501881227
0.11877552528791026
0.11877663118083857
0.11878570569783892
0.1187899431356441
0.11880969430880862
0.11882345226129254
0.11882501200492372
0.11885942144188663
0.11886908686376531
0.11887281469641069
0.11887800811498958
0.11888260953152768
0.11888587253677002
0.11891667386963824
0.11892126217257476
0.11893222474455241
0.1189476596217871
0.11897474263629443
0.11900296539584633
0.11902583708553151
0.11905016723496062
0.11908729242595105
0.11908857732334419
0.11909150109486465
0.11909209103749768
0.11909230149142173
0.11910500603123753
0.11911771211367447
0.11913567626271492
0.11913882523837858
0.11914992851150191
0.11915300876684629
0.11918732838841291
0.11923918874249165
0.11926538218511988
0.11927846913528851
0.11927978176145548
0.11930054049217612
0.11937031498951563
0.1193761740520635
0.11939898710075969
0.11941207994707219
0.11942818736682345
0.11943421107823705
0.11944875746807294
0.11949141221458193
0.11949906753893802
0.11950825228297873
0.11951639700420083
0.11953302178503968
0.11955659656338244
0.11956278194619938
0.11958256882642905
0.11963260586760902
0.11964135366600293
0.11964599524880834
0.11964817221516938
0.11964954216951923
0.11967383896185378
0.11968261184847491
0.11968758149531888
0.1196902019524962
0.11969454058105336
0.11971350119626295
0.11973738401696159
0.1197823778356712
0.11978513972554893
0.11981605812297433
0.11987929982472256
0.11989342723368708
0.11989756463204429
0.11994990592717772
0.11996987932950336
0.11998890185924475
0.1200307977835683
0.12003519829539164
0.12005116668053399
0.12006772703815548
0.12019438164892957
0.12020808251785413
0.12021593661949079
0.12023779186720127
0.12025816213555278
0.12026679894612746
0.12030207888283688
0.12030262442384887
0.12030718697764245
0.12031516778547849
0.12033540956641385
0.12037169199408519
0.12037181426876596
0.12041824418536043
0.12044475195467183
0.12044980667255993
0.12045374507301991
0.12046523410371998
0.12047847427457609
0.1204799552389453
0.120496372998129
0.12052845638407687
0.12055024647627494
0.12055390457521048
0.12056265628394783
0.1205664940741527
0.1205711636986161
0.12057146806227527
0.12058580279035103
0.12060079522892067
0.12060638379583674
0.12064273496229627
0.12068876147716524
0.12069372469963578
0.12070479470455477
0.12071341860731896
0.12071605579623063
0.12073941428962745
0.12076482257769855
0.12078234631915538
0.12079155820729955
0.12080201224412108
0.12080569953885135
0.1208166084787053
0.12082449560764022
0.12083024023879274
0.12090960112343495
0.12093576246438965
0.12094748978607157
0.12098268725173175
0.12099360782659685
0.12100696011896558
0.12100892984919426
0.12104467504407934
0.12104499642396165
0.12105082873943906
0.1210594848332098
0.12107543854681589
0.1210879964215852
0.12109218222691305
0.1210926027902986
0.12112273173521476
0.12113237009172852
0.12121927920107278
0.12123785025170254
0.12126469602087313
0.12126686707831746
0.12127569432460648
0.12129572759260646
0.12131351507534495
0.12133263094741259
0.12140039731134793
0.12143301963962828
0.12144593026034754
0.12148760935001059
0.12151159101810236
0.12152993417454082
0.12153844708848667
0.12153935001688887
0.12155453109261936
0.121571614170968
0.12160058349917938
0.12166353059537201
0.12167136887143973
0.1216816212436398
0.12169960001166093
0.12171593466589033
0.12172552593015797
0.12174014680550424
0.12174557776157452
0.12179142727638056
0.12180931899375264
0.12184283204533149
0.12185435642534563
0.12185586354067121
0.1218675489622348
0.12188810938788007
0.12193792470511544
0.12195380335561495
0.12195793068483897
0.12197896633699626
0.12199049721839486
0.12199053028991894
0.12200012829490278
0.12201416587418164
0.12201828547056692
0.12205469514376883
0.12206622105876684
0.12208697471149921
0.12210882054290352
0.12212897293511596
0.1221830012231207
0.12226990690291072
0.1222785430385607
0.12234094816258063
0.12235069494601339
0.12238021319869083
0.12239767002784673
0.12241134596884579
0.12243135889306203
0.1224501843214712
0.12245840579586259
0.12247036212334965
0.12247326336705561
0.12250552642956748
0.122528685512427
0.12254052443102478
0.12254750009648219
0.12256820521990817
0.12258027188615472
0.12259117575812702
0.12263634318357332
0.12266546691849409
0.12268712784162372
0.12277926128098308
0.12279312246517911
0.12281552163710237
0.12281616127429267
0.1228314551503567
0.12283210569356517
0.12284340206635487
0.12287256191853345
0.12294146801792989
0.12297125514587155
0.12297420850087588
0.1229851337351203
0.1229873220788653
0.12300636453145675
0.1230083998908345
0.12300886079097481
0.12303614031015404
0.12309072605177745
0.12309269692794123
0.12309444277842342
0.12310050161474649
0.12312185405992734
0.12315473896350244
0.12316068037481799
0.12317055013462423
0.12319791643383601
0.12321657238770958
0.12321729488160016
0.12324295700514545
0.12324709879023057
0.12329852319200199
0.12330910490254583
0.12332630940151768
0.12333032672048523
0.12333093598501128
0.12334930794301736
0.12336374799769344
0.12338103658905551
0.12339380139304243
0.12341804911277532
0.12344775818426194
0.12361754192140334
0.12362533790106602
0.12366549184155506
0.12368366239384192
0.12369112457246284
0.12371530576406548
0.12373382779913547
0.12374390336821627
0.12377699467553537
0.12378455129149608
0.1238163199024557
0.12383407825950367
0.12386420670628637
0.12392565827884923
0.12392639930132414
0.12401374050643776
0.12401877987287138
0.12404911843837084
0.12405861640244722
0.12406835667346874
0.12409166316469003
0.12417972666582543
0.12419110734644163
0.1242668728854537
0.1243062318121697
0.12430803036542311
0.12431738183844389
0.12444122160678427
0.12446720089657463
0.12447456696801425
0.12449641273496895
0.12449664485641007
0.12450754368840547
0.12451790911481868
0.12455453811815602
0.1245732250119553
0.12460853114232673
0.12461948091431446
0.12464525672159095
0.12469274150581978
0.12475814984488619
0.12476368362423797
0.12476692519384638
0.12483673290970704
0.1248865075584234
0.12490160437821693
0.12493695292511198
0.12494173829052273
0.1249511340643293
0.1249527422759822
0.12497028890309618
0.12497519015380003
0.1250595768912223
0.12511697919961912
0.12514816235981635
0.1252109730072656
0.125224472002314
0.12523460273851197
0.1252669002229381
0.12529604307961778
0.125322883078812
0.12535679910231853
0.12540308488239216
0.1254123302524365
0.12543510332971014
0.1254681413155646
0.1255028560723227
0.1255258213887757
0.12554788663647723
0.1255548373304041
0.12561745342742167
0.12563621091270896
0.12564179344493417
0.1256603949472823
0.12566245100596415
0.125678510239145
0.1257460264523712
0.12575693969878604
0.12575745358438034
0.12575940467831762
0.12579147117093858
0.12581864844203144
0.12584264170581635
0.12585158764412016
0.1259162240706266
0.125950289784308
0.12599386402541882
0.1260207181088229
0.12602439048663108
0.12614620490699774
0.12616486742361477
0.12619235705558213
0.1261959075416445
0.1262075346901327
0.12622610736742632
0.12623272768825683
0.12626865854995659
0.12634457316025002
0.1263529162390859
0.12635446802733089
0.12639349243732
0.12644624691804582
0.12645093812456087
0.1264728544945681
0.12647670536840364
0.12649427743693686
0.12653103474178615
0.12657560267444853
0.12659721225582968
0.12660857958864044
0.12661290690197446
0.12662116218114342
0.12664628834132066
0.12664739601697036
0.12667952712930194
0.12668224768405523
0.1266936570219459
0.12669516122214045
0.12669957264545462
0.12670260994193408
0.1267613388174285
0.12677353582203554
0.12677886838577893
0.12679770039727337
0.12680833657197102
0.1268692593107681
0.12686982804531916
0.12687715407914224
0.1269721029001097
0.1269916075294677
0.1270594339518385
0.12710965000709612
0.1271542815867962
0.12716983485002664
0.1271789365214275
0.12720234439897332
0.12723827889136602
0.12725753924079272
0.12731326072545796
0.12735752858738214
0.12737637938721602
0.12737887802488007
0.12739958112346114
0.1274109861235461
0.127421274934036
0.12754133967917855
0.12754303800934969
0.12757543737395316
0.12759363054452838
0.1276032284297857
0.1276053213727155
0.12766504162317066
0.1276771058081955
0.1277050146865925
0.12775907827223024
0.1278057573234506
0.12783510736936277
0.1278435038211735
0.12786864420749905
0.12790080934450543
0.1279046852810357
0.12790694969296426
0.12791296939070787
0.1279196575247004
0.12792236814214528
0.1279676234216145
0.127978762705856
0.12800844479223725
0.12801718729196215
0.1280370175674496
0.12804439484565822
0.12807402894106537
0.12812597716502053
0.12821193227575772
0.12824267788657426
0.12827000213776063
0.1282700416815416
0.12830047114204152
0.1283630653443912
0.1283924712557043
0.12840632640597094
0.12842440840500755
0.12846428363994722
0.12849567039708246
0.1285085763891357
0.12851189395657014
0.12852041426753927
0.12852107128452722
0.12853284164360532
0.12856638627648997
0.12860238438515484
0.1286046586992128
0.12861949520672666
0.12870778145848724
0.1287145141097131
0.1287163045043164
0.12872313839371827
0.12873906941104385
0.1288185403359804
0.1288246236799035
0.12882639829543474
0.12883968481335076
0.1288484380486583
0.1288603155602625
0.12894575109215736
0.12895150087479385
0.12899841417421234
0.12902197468818538
0.12902953615035587
0.12903560292993643
0.12907928589490536
0.12911966511000095
0.12918680711199332
0.12921291820812977
0.1292133968296098
0.12930262017552382
0.12931374463180112
0.12932999883776616
0.1293750897652371
0.12939444433126035
0.1294107857045674
0.12941100467270328
0.12943995440907283
0.12944935567677524
0.1295074613862392
0.12953001352215834
0.1295461599372075
0.12958601902113648
0.12969406784785656
0.12969679348435703
0.12971191614599906
0.12973092759702742
0.12978748017615885
0.1298105923505027
0.12982002148263025
0.12986055723086434
0.1298828148769712
0.1299036889666818
0.12991459298789992
0.1299413720241097
0.1299442645665059
0.13006117622809393
0.13006550067492048
0.1300660124960384
0.13009551001054073
0.1302255857403492
0.1302411411252691
0.13025232596679617
0.1302936701932771
0.13033180658927346
0.1303871240559627
0.1304060615468992
0.13040761382757082
0.130421271995776
0.13042379284303143
0.13048557900831995
0.13051488583346382
0.13053450315125836
0.13055142720360985
0.13055201373382436
0.13055423662701737
0.13056931996294113
0.13059186097662542
0.1306321096234952
0.13063966942706182
0.13065100124068071
0.13065869414160894
0.1306739781030771
0.13068401119323736
0.13069532251511148
0.13069912065988767
0.13070514041318929
0.1307185168850722
0.13078000264746553
0.1307816344514166
0.13080759777124198
0.13080849171546188
0.13081170548777152
0.13090021401325308
0.13094521687877472
0.13095894436001582
0.13096417904897764
0.1309660431727026
0.13098641303908912
0.1309920472292034
0.13100537256915332
0.13101452930994764
0.13102305013448703
0.1310406867693163
0.13105868261221262
0.13110287354741643
0.13112416234944255
0.1311477647987148
0.13115693893064248
0.13118045262136135
0.1311905357769559
0.13125385076424265
0.13127958931775946
0.131347985737265
0.13138529489713352
0.13138869929274943
0.1314040993051107
0.1314524308785362
0.1314884955635557
0.1315257778114677
0.13152702350743237
0.1315467953930273
0.13156556718130893
0.13158513557290602
0.13166480313683387
0.1316677511353016
0.13170039258691588
0.13182945507274696
0.1318443266729155
0.13186118470287403
0.1318655156259498
0.13188070047414577
0.13194964582283203
0.13196514723921696
0.1319893681741507
0.13200305421242986
0.1320216684741564
0.13202599243334498
0.13203365987190865
0.13204067024559415
0.13205886070385203
0.13207995526687477
0.13209225202155944
0.13211307468262287
0.13213862958971317
0.13215501766345622
0.13215843930824248
0.1322079205566066
0.13221272011316706
0.1322355992639206
0.13228261653498494
0.13234043391370903
0.13235784334500358
0.13241552780599683
0.13242563035450478
0.1324352078634324
0.13244190638176795
0.13247963183596626
0.13249392735215684
0.13250482022936544
0.13257145560981232
0.1325934623615924
0.13260284286145288
0.1326121781578927
0.13264540851222367
0.13265507440190544
0.1326761733462473
0.13269486144435522
0.13271736150623267
0.13277842992035796
0.13278330484338574
0.13278439829400937
0.1328129632555167
0.13289888923899829
0.13291631799634596
0.13293611871344427
0.13302967211249833
0.13304055871076198
0.133043287334244
0.1330591074653962
0.13314797602208617
0.13316644198066627
0.13318858875654355
0.13319304168525947
0.13320978365457
0.13321879242689824
0.13324335486170352
0.1332615627421712
0.13330866806829164
0.13330982603947633
0.1333112054374524
0.13331907664821238
0.13332884084172078
0.13341767064462726
0.13344200984994936
0.13348318342829474
0.13352441604265106
0.13357021214483727
0.13358485659683123
0.1335877967972369
0.133588065995955
0.13360386814613157
0.13360875437124034
0.13360998461815135
0.13362721404827554
0.13364533392686512
0.1336547964859678
0.13365901903395846
0.13367102950440896
0.13371645766737658
0.133727740976793
0.13373786157074238
0.1337657852920872
0.1338023194499809
0.13385026208396944
0.13385293699986445
0.13386065608295591
0.13386534112725557
0.13391672681548641
0.13391737009150023
0.13394611896634082
0.13394821486442585
0.13394864483548277
0.13395066229662714
0.13396712865623028
0.133970932607578
0.1340050639613057
0.1340239049073503
0.13403629750759818
0.13407330981456725
0.13409601897773993
0.13412033585957156
0.134139390241722
0.13415685519555381
0.13416592692955243
0.13416765359292337
0.13420719869606826
0.13427033467754174
0.1342804916464336
0.13430468941504278
0.13431792051255678
0.13434129234361677
0.13440152226018665
0.13441523065731245
0.1344233319166797
0.13442577040756634
0.13444240567625726
0.1344696024577292
0.13448648571709562
0.13448751878820808
0.13448968072766712
0.1344941910065934
0.1345145026726927
0.13453895683826647
0.13454710486421934
0.13457543539211764
0.13457566537745994
0.13457851426565912
0.13460104809398715
0.1346717392775818
0.13468615058650452
0.134711800778075
0.13471384411983878
0.13472861503118758
0.13474748402809758
0.1347515901005693
0.13476086974076928
0.13482290567649333
0.13484849445483643
0.13485066332111123
0.1348661058200042
0.13487111680891753
0.13490743396671323
0.1349196119363017
0.13493543558141768
0.13496612609268216
0.13505638820259863
0.13523386519841152
0.13523851981507434
0.1352897533611482
0.13541055275635705
0.13541864893894554
0.13547606634265807
0.1354872089657977
0.13549098502468634
0.1355387770599368
0.13555911647719215
0.13559686260245826
0.13561460994226554
0.13563224229889587
0.1356622888505004
0.13567780150324704
0.13570574665250754
0.13572441393666154
0.13574430951033511
0.1358453176139637
0.1358602049640318
0.13589407013788782
0.13593763788143076
0.13602280312732556
0.1360598104468022
0.13608475694649144
0.1361383157995985
0.13617352442536393
0.13621194410514778
0.13624097739303861
0.1362550188713104
0.13627238127791208
0.13630158198408143
0.13631636572105532
0.13633495824621658
0.13633520253284934
0.13636671363394592
0.13638315135973275
0.13638565904777858
0.13639610827060647
0.13639818502120576
0.1364724201061916
0.13654279225437468
0.1365564430070656
0.13657514701733
0.1365758036323446
0.13657646024445333
0.13658203646501252
0.13661991942649615
0.1366227284138854
0.13664855933305717
0.13666469045493493
0.13668635473337465
0.13668820850502333
0.13672234167544364
0.13673747804701228
0.13674091204526004
0.13675890073560837
0.13677804434546972
0.13677857794452603
0.13682430896728434
0.13682496642983605
0.13682749003506886
0.13685965267491967
0.1368659057756848
0.1368665751265505
0.13687964608768174
0.1369113886296021
0.1369366464996569
0.13697720674121897
0.13699713077259246
0.13700150112809195
0.13702370202897823
0.13702963851491223
0.13706215678266156
0.13707798319100883
0.1371008531649155
0.13712202804768725
0.13713597187857346
0.13718861042295952
0.13720105830881524
0.13727648062639958
0.13729129015425412
0.1373427950694437
0.13737073914918102
0.13742641497250765
0.13745401955995673
0.13746489749040627
0.1374714198337803
0.13753937037308273
0.13757332787986945
0.13759481582237043
0.13769964356453332
0.13770755187274872
0.1377282323531786
0.13773335330888678
0.1377411396071734
0.1377818846647791
0.13787836635263293
0.13789884470377095
0.1379097559440615
0.13813597207274472
0.1381418008416472
0.13821103529838566
0.13826380634668364
0.13830264166794412
0.13832798679541672
0.13835250307268415
0.13837146792549715
0.13839876774235244
0.13839947196870991
0.13850665498912595
0.13850910066030053
0.13853872766963893
0.13854635250588954
0.13857490183763954
0.13861775196610027
0.13862913702045668
0.13865069709505348
0.13870341225186075
0.1387077922210076
0.13875529809591342
0.13881260546863664
0.1389270908544961
0.1389625718937817
0.13898647919813406
0.13900266670338682
0.13903404755397
0.13905601986490487
0.1391360610841832
0.13919129728815222
0.13925484511072017
0.13927019055643852
0.13931301495938114
0.1393297129053423
0.1393470056549314
0.13934805002616454
0.13936926629350418
0.13937293905484047
0.13940977234243243
0.13948933084227402
0.13953203550635715
0.13954679894569108
0.13957043608586303
0.13962734974569513
0.13963426137523577
0.13965898787038425
0.13966230950797656
0.1396762028063951
0.13971749982493098
0.1398178798492727
0.13983734129314446
0.1398536708177689
0.1398786736438124
0.13988862778416353
0.13991010253809696
0.1399741409800484
0.1401243556537289
0.14016625875739225
0.1402491489331298
0.1402499731950375
0.14027301050800392
0.1403141939906264
0.1403711161304235
0.14051160295637033
0.14051393450829566
0.1405382417009461
0.1406230852899102
0.14065100390741153
0.14067437472380076
0.14071225082806404
0.14079575621836854
0.140800751738846
0.14086210358487922
0.14087046097312397
0.14099786351804397
0.1410667011088414
0.1411095276836711
0.14114584172844322
0.14114871521031502
0.1413561838397596
0.14136261318539536
0.14147173170549657
0.1415218324841065
0.14166825877871056
0.14212170827670068
0.1421298694898238
0.14224114299677756
0.1422620123854844
0.14236727586443262
0.1425792028056383
0.14259420113047377
0.14263643890928301
0.14267015092782157
0.1427273307498275
0.14274821661670536
0.1427486466400548
0.14278062114011988
0.14287219423565317
0.14290344382367806
0.1429331718004749
0.14296399621601033
0.14304601727002744
0.14309000295171573
0.14311899065579958
0.14325566537956216
0.143328778299876
0.14335602675317202
0.14336811937255664
0.14340209882213914
0.14341256830159457
0.14342973258994215
0.14347444925948308
0.14355022744171927
0.14366949027226839
0.14375645527218597
0.14382683580738545
0.14389116834967197
0.14399924032208405
0.14399977837320918
0.1441726600441444
0.14423472782418278
0.14426277449164734
0.14468756279569228
0.14508836845407735
0.14520159353357662
0.14523821120545746
0.1452618970680656
0.1454215143676895
0.1455467826511433
0.14570432334669112
0.14574546978234781
0.14581877407844784
0.14600421998389057
0.14612145161467946
0.14616097190246777
0.1463168896017431
0.14636575962182638
0.1463922993956567
0.14649087018240545
0.1464992912312869
0.1468886036823707
0.14695458467110273
0.14700937443904616
0.14706568813422416
0.1471551965646286
0.14734882133024021
0.14758919469821252
0.14759062781063503
0.1476972045703557
0.14775544895321577
0.14776886594442354
0.14784301460122348
0.14803762244853147
0.1480524105409379
0.14816816673221003
0.14820948749291632
0.14822769249207457
0.14830460095149037
0.14834368313226645
0.1483797677550217
0.1483811566760165
0.1483868592204254
0.1485381651214591
0.14854839677288847
0.14872068298025695
0.14872245644933915
0.1487671183472603
0.14878304052509503
0.14891968107579787
0.14894763747428583
0.1489501508643472
0.14899955057474684
0.14902176128962058
0.14903737740768183
0.14920161402410193
0.14921425059804339
0.1492950033069703
0.14934967934491447
0.1493887090747768
0.14943736720039574
0.1495607954437983
0.14956633073608616
0.1496092300718214
0.14961093103588652
0.1497485851645696
0.14982283402778368
0.14982894307683986
0.14987793926470167
0.14992999310303332
0.150010748824822
0.15001624042183026
0.15002031012760075
0.15003626453757954
0.15012005188554772
0.15013916011105677
0.15019483279697302
0.15020663189367797
0.1502149542994776
0.1502326295858882
0.15024901738621962
0.15025453700822758
0.1502677863914199
0.15030014164661
0.15031724045012682
0.1503868899296641
0.15039073106095793
0.1504234195723619
0.1504818457755456
0.15058661384310043
0.15063776848727392
0.1506761847783756
0.1506809624313884
0.15068343247746574
0.1508058584097342
0.1508347105745661
0.15083909092947342
0.15084181539528577
0.15089570880861403
0.15090876575669504
0.1509989663742164
0.1510604726412967
0.15119567764032243
0.15120916281737162
0.15123367534963833
0.1512601692856296
0.1513142972449227
0.15141240986625012
0.1515133064183161
0.1516945300711225
0.15182869880884714
0.1518769810001753
0.15189854574647405
0.15197143715464054
0.15226760141048262
0.1523939131230481
0.15270503101624305
0.1527552344534939
0.15278129261445075
0.1528267734054446
0.15304321766098444
0.15314904152362954
0.15317037917245377
0.1532562205390115
0.15328914655012713
0.15391468812348627
0.1539472593249556
0.15407193925752288
0.15409422680434673
0.1542213030019657
0.15429460601766168
0.1542955351602961
0.15435937201348576
0.15437453680511687
0.1547814153529562
0.15512402452349658
0.15520546212146466
0.15541683014161772
0.15551483427418258
0.15563014995631777
0.15588207783473806
0.1559819531541398
0.1560592669146432
0.1560838494273389
0.15655326068991365
0.15658753737173345
0.15724034525530547
0.15761462089586292
0.15764574646691273
0.15953257628952439
0.16048266944284695
1.7976931348623157E308
1.7976931348623157E308
1.7976931348623157E308
1.7976931348623157E308
1.7976931348623157E308
1.7976931348623157E308
1.7976931348623157E308
1.7976931348623157E308
1.7976931348623157E308
1.7976931348623157E308
1.7976931348623157E308
1.7976931348623157E308
1.7976931348623157E308
1.7976931348623157E308
1.7976931348623157E308
1.7976931348623157E308
1.7976931348623157E308
1.7976931348623157E308
1.7976931348623157E308
1.7976931348623157E308
1.7976931348623157E308
1.7976931348623157E308
1.7976931348623157E308
1.7976931348623157E308
1.7976931348623157E308
1.7976931348623157E308
1.7976931348623157E308
1.7976931348623157E308
1.7976931348623157E308
1.7976931348623157E308
1.7976931348623157E308
1.7976931348623157E308
1.7976931348623157E308
1.7976931348623157E308
1.7976931348623157E308
1.7976931348623157E308
1.7976931348623157E308
1.7976931348623157E308
1.7976931348623157E308
1.7976931348623157E308
1.7976931348623157E308
1.7976931348623157E308
1.7976931348623157E308
1.7976931348623157E308
1.7976931348623157E308
1.7976931348623157E308
1.7976931348623157E308
1.7976931348623157E308
1.7976931348623157E308
1.7976931348623157E308
1.7976931348623157E308
1.7976931348623157E308
1.7976931348623157E308
1.7976931348623157E308
1.7976931348623157E308
1.7976931348623157E308
1.7976931348623157E308
1.7976931348623157E308
1.7976931348623157E308
1.7976931348623157E308
1.7976931348623157E308
1.7976931348623157E308
1.7976931348623157E308
1.7976931348623157E308
1.7976931348623157E308
1.7976931348623157E308
1.7976931348623157E308
1.7976931348623157E308
1.7976931348623157E308
1.7976931348623157E308
1.7976931348623157E308
1.7976931348623157E308
1.7976931348623157E308
1.7976931348623157E308
1.7976931348623157E308
1.7976931348623157E308
1.7976931348623157E308
1.7976931348623157E308
1.7976931348623157E308
1.7976931348623157E308
1.7976931348623157E308
1.7976931348623157E308
1.7976931348623157E308
1.7976931348623157E308
1.7976931348623157E308
1.7976931348623157E308
1.7976931348623157E308
1.7976931348623157E308
1.7976931348623157E308
1.7976931348623157E308
1.7976931348623157E308
1.7976931348623157E308
1.7976931348623157E308
1.7976931348623157E308
1.7976931348623157E308
1.7976931348623157E308
1.7976931348623157E308
1.7976931348623157E308
1.7976931348623157E308
1.7976931348623157E308
1.7976931348623157E308
1.7976931348623157E308
1.7976931348623157E308
1.7976931348623157E308
1.7976931348623157E308
1.7976931348623157E308
1.7976931348623157E308
1.7976931348623157E308
1.7976931348623157E308
1.7976931348623157E308
1.7976931348623157E308
1.7976931348623157E308
1.7976931348623157E308
1.7976931348623157E308
1.7976931348623157E308
1.7976931348623157E308
1.7976931348623157E308
1.7976931348623157E308
1.7976931348623157E308
1.7976931348623157E308
1.7976931348623157E308
1.7976931348623157E308
1.7976931348623157E308
1.7976931348623157E308
1.7976931348623157E308
1.7976931348623157E308
1.7976931348623157E308
1.7976931348623157E308
1.7976931348623157E308
1.7976931348623157E308
1.7976931348623157E308
1.7976931348623157E308
1.7976931348623157E308
1.7976931348623157E308
1.7976931348623157E308
1.7976931348623157E308
1.7976931348623157E308
1.7976931348623157E308
1.7976931348623157E308
1.7976931348623157E308
1.7976931348623157E308
1.7976931348623157E308
1.7976931348623157E308
1.7976931348623157E308
1.7976931348623157E308
1.7976931348623157E308
1.7976931348623157E308
1.7976931348623157E308
1.7976931348623157E308
1.7976931348623157E308
1.7976931348623157E308
1.7976931348623157E308
1.7976931348623157E308
1.7976931348623157E308
1.7976931348623157E308
1.7976931348623157E308
1.7976931348623157E308
1.7976931348623157E308
1.7976931348623157E308
1.7976931348623157E308
1.7976931348623157E308
1.7976931348623157E308
1.7976931348623157E308
1.7976931348623157E308
1.7976931348623157E308
1.7976931348623157E308
1.7976931348623157E308
1.7976931348623157E308
1.7976931348623157E308
1.7976931348623157E308
1.7976931348623157E308
1.7976931348623157E308
1.7976931348623157E308
1.7976931348623157E308
1.7976931348623157E308
1.7976931348623157E308
1.7976931348623157E308
1.7976931348623157E308
1.7976931348623157E308
1.7976931348623157E308
1.7976931348623157E308
1.7976931348623157E308
1.7976931348623157E308
1.7976931348623157E308
1.7976931348623157E308
1.7976931348623157E308
1.7976931348623157E308
1.7976931348623157E308
1.7976931348623157E308
1.7976931348623157E308
1.7976931348623157E308
1.7976931348623157E308
1.7976931348623157E308
1.7976931348623157E308
1.7976931348623157E308
1.7976931348623157E308
1.7976931348623157E308
1.7976931348623157E308
1.7976931348623157E308
1.7976931348623157E308
1.7976931348623157E308
1.7976931348623157E308
1.7976931348623157E308
1.7976931348623157E308
1.7976931348623157E308
1.7976931348623157E308
1.7976931348623157E308
1.7976931348623157E308
1.7976931348623157E308
1.7976931348623157E308
1.7976931348623157E308
1.7976931348623157E308
1.7976931348623157E308
1.7976931348623157E308
1.7976931348623157E308
1.7976931348623157E308
1.7976931348623157E308
1.7976931348623157E308
1.7976931348623157E308
1.7976931348623157E308
1.7976931348623157E308
1.7976931348623157E308
1.7976931348623157E308
1.7976931348623157E308
1.7976931348623157E308
1.7976931348623157E308
1.7976931348623157E308
1.7976931348623157E308
1.7976931348623157E308
1.7976931348623157E308
1.7976931348623157E308
1.7976931348623157E308
1.7976931348623157E308
1.7976931348623157E308
1.7976931348623157E308
1.7976931348623157E308
1.7976931348623157E308
1.7976931348623157E308
1.7976931348623157E308
1.7976931348623157E308
1.7976931348623157E308
1.7976931348623157E308
1.7976931348623157E308
1.7976931348623157E308
1.7976931348623157E308
1.7976931348623157E308
1.7976931348623157E308
1.7976931348623157E308
1.7976931348623157E308
1.7976931348623157E308
1.7976931348623157E308
1.7976931348623157E308
1.7976931348623157E308
1.7976931348623157E308
1.7976931348623157E308
1.7976931348623157E308
1.7976931348623157E308
1.7976931348623157E308
1.7976931348623157E308
1.7976931348623157E308
1.7976931348623157E308
1.7976931348623157E308
1.7976931348623157E308
1.7976931348623157E308
1.7976931348623157E308
1.7976931348623157E308
1.7976931348623157E308
1.7976931348623157E308
1.7976931348623157E308
1.7976931348623157E308
1.7976931348623157E308
1.7976931348623157E308
1.7976931348623157E308
1.7976931348623157E308
1.7976931348623157E308
1.7976931348623157E308
1.7976931348623157E308
1.7976931348623157E308
1.7976931348623157E308
1.7976931348623157E308
1.7976931348623157E308
1.7976931348623157E308
1.7976931348623157E308
1.7976931348623157E308
1.7976931348623157E308
1.7976931348623157E308
1.7976931348623157E308
1.7976931348623157E308
1.7976931348623157E308
1.7976931348623157E308
1.7976931348623157E308
1.7976931348623157E308
1.7976931348623157E308
1.7976931348623157E308
1.7976931348623157E308
1.7976931348623157E308
1.7976931348623157E308
1.7976931348623157E308
1.7976931348623157E308
1.7976931348623157E308
1.7976931348623157E308
1.7976931348623157E308
1.7976931348623157E308
1.7976931348623157E308
1.7976931348623157E308
1.7976931348623157E308
1.7976931348623157E308
1.7976931348623157E308
1.7976931348623157E308
1.7976931348623157E308
1.7976931348623157E308
1.7976931348623157E308
1.7976931348623157E308
1.7976931348623157E308
1.7976931348623157E308
1.7976931348623157E308
1.7976931348623157E308
1.7976931348623157E308
1.7976931348623157E308
1.7976931348623157E308
1.7976931348623157E308
1.7976931348623157E308
1.7976931348623157E308
1.7976931348623157E308
1.7976931348623157E308
1.7976931348623157E308
1.7976931348623157E308
1.7976931348623157E308
1.7976931348623157E308
1.7976931348623157E308
1.7976931348623157E308
1.7976931348623157E308
1.7976931348623157E308
1.7976931348623157E308
1.7976931348623157E308
1.7976931348623157E308
1.7976931348623157E308
1.7976931348623157E308
1.7976931348623157E308
1.7976931348623157E308
1.7976931348623157E308
1.7976931348623157E308
1.7976931348623157E308
1.7976931348623157E308
1.7976931348623157E308
1.7976931348623157E308
1.7976931348623157E308
1.7976931348623157E308
1.7976931348623157E308
1.7976931348623157E308
1.7976931348623157E308
1.7976931348623157E308
1.7976931348623157E308
1.7976931348623157E308
1.7976931348623157E308
1.7976931348623157E308
1.7976931348623157E308
1.7976931348623157E308
1.7976931348623157E308
1.7976931348623157E308
1.7976931348623157E308
1.7976931348623157E308
1.7976931348623157E308
1.7976931348623157E308
1.7976931348623157E308
1.7976931348623157E308
1.7976931348623157E308
1.7976931348623157E308
1.7976931348623157E308
1.7976931348623157E308
1.7976931348623157E308
1.7976931348623157E308
1.7976931348623157E308
1.7976931348623157E308
1.7976931348623157E308
1.7976931348623157E308
1.7976931348623157E308
1.7976931348623157E308
1.7976931348623157E308
1.7976931348623157E308
1.7976931348623157E308
1.7976931348623157E308
1.7976931348623157E308
1.7976931348623157E308
1.7976931348623157E308
1.7976931348623157E308
1.7976931348623157E308
1.7976931348623157E308
1.7976931348623157E308
1.7976931348623157E308
1.7976931348623157E308
1.7976931348623157E308
1.7976931348623157E308
1.7976931348623157E308
1.7976931348623157E308
1.7976931348623157E308
1.7976931348623157E308
1.7976931348623157E308
1.7976931348623157E308
1.7976931348623157E308
1.7976931348623157E308
1.7976931348623157E308
1.7976931348623157E308
1.7976931348623157E308
1.7976931348623157E308
1.7976931348623157E308
1.7976931348623157E308
1.7976931348623157E308
1.7976931348623157E308
1.7976931348623157E308
1.7976931348623157E308
1.7976931348623157E308
1.7976931348623157E308
1.7976931348623157E308
1.7976931348623157E308
1.7976931348623157E308
1.7976931348623157E308
1.7976931348623157E308
1.7976931348623157E308
1.7976931348623157E308
1.7976931348623157E308
1.7976931348623157E308
1.7976931348623157E308
1.7976931348623157E308
1.7976931348623157E308
1.7976931348623157E308
1.7976931348623157E308
1.7976931348623157E308
1.7976931348623157E308
1.7976931348623157E308
1.7976931348623157E308
1.7976931348623157E308
1.7976931348623157E308
1.7976931348623157E308
1.7976931348623157E308
1.7976931348623157E308
1.7976931348623157E308
1.7976931348623157E308
1.7976931348623157E308
1.7976931348623157E308
1.7976931348623157E308
1.7976931348623157E308
1.7976931348623157E308
1.7976931348623157E308
1.7976931348623157E308
1.7976931348623157E308
1.7976931348623157E308
1.7976931348623157E308
1.7976931348623157E308
1.7976931348623157E308
1.7976931348623157E308
1.7976931348623157E308
1.7976931348623157E308
1.7976931348623157E308
1.7976931348623157E308
1.7976931348623157E308
1.7976931348623157E308
1.7976931348623157E308
1.7976931348623157E308
1.7976931348623157E308
1.7976931348623157E308
1.7976931348623157E308
1.7976931348623157E308
1.7976931348623157E308
1.7976931348623157E308
1.7976931348623157E308
1.7976931348623157E308
1.7976931348623157E308
1.7976931348623157E308
1.7976931348623157E308
1.7976931348623157E308
1.7976931348623157E308
1.7976931348623157E308
1.7976931348623157E308
1.7976931348623157E308
1.7976931348623157E308
1.7976931348623157E308
1.7976931348623157E308
1.7976931348623157E308
1.7976931348623157E308
1.7976931348623157E308
1.7976931348623157E308
1.7976931348623157E308
1.7976931348623157E308
1.7976931348623157E308
1.7976931348623157E308
1.7976931348623157E308
1.7976931348623157E308
1.7976931348623157E308
1.7976931348623157E308
1.7976931348623157E308
1.7976931348623157E308
1.7976931348623157E308
1.7976931348623157E308
1.7976931348623157E308
1.7976931348623157E308
1.7976931348623157E308
1.7976931348623157E308
1.7976931348623157E308
1.7976931348623157E308
1.7976931348623157E308
1.7976931348623157E308
1.7976931348623157E308
1.7976931348623157E308
1.7976931348623157E308
1.7976931348623157E308
1.7976931348623157E308
1.7976931348623157E308
1.7976931348623157E308
1.7976931348623157E308
1.7976931348623157E308
1.7976931348623157E308
1.7976931348623157E308
1.7976931348623157E308
1.7976931348623157E308
1.7976931348623157E308
1.7976931348623157E308
1.7976931348623157E308
1.7976931348623157E308
1.7976931348623157E308
1.7976931348623157E308
1.7976931348623157E308
1.7976931348623157E308
1.7976931348623157E308
1.7976931348623157E308
1.7976931348623157E308
1.7976931348623157E308
1.7976931348623157E308
1.7976931348623157E308
1.7976931348623157E308
1.7976931348623157E308
1.7976931348623157E308
1.7976931348623157E308
1.7976931348623157E308
1.7976931348623157E308
1.7976931348623157E308
1.7976931348623157E308
1.7976931348623157E308
1.7976931348623157E308
1.7976931348623157E308
1.7976931348623157E308
1.7976931348623157E308
1.7976931348623157E308
1.7976931348623157E308
1.7976931348623157E308
1.7976931348623157E308
1.7976931348623157E308
1.7976931348623157E308
1.7976931348623157E308
1.7976931348623157E308
1.7976931348623157E308
1.7976931348623157E308
1.7976931348623157E308
1.7976931348623157E308
1.7976931348623157E308
1.7976931348623157E308
1.7976931348623157E308
1.7976931348623157E308
1.7976931348623157E308
1.7976931348623157E308
1.7976931348623157E308
1.7976931348623157E308
1.7976931348623157E308
1.7976931348623157E308
1.7976931348623157E308
1.7976931348623157E308
1.7976931348623157E308
1.7976931348623157E308
1.7976931348623157E308
1.7976931348623157E308
1.7976931348623157E308
1.7976931348623157E308
1.7976931348623157E308
1.7976931348623157E308
1.7976931348623157E308
1.7976931348623157E308
1.7976931348623157E308
1.7976931348623157E308
1.7976931348623157E308
1.7976931348623157E308
1.7976931348623157E308
1.7976931348623157E308
1.7976931348623157E308
1.7976931348623157E308
1.7976931348623157E308
1.7976931348623157E308
1.7976931348623157E308
1.7976931348623157E308
1.7976931348623157E308
1.7976931348623157E308
1.7976931348623157E308
1.7976931348623157E308
1.7976931348623157E308
1.7976931348623157E308
1.7976931348623157E308
1.7976931348623157E308
1.7976931348623157E308
1.7976931348623157E308
1.7976931348623157E308
1.7976931348623157E308
1.7976931348623157E308
1.7976931348623157E308
1.7976931348623157E308
1.7976931348623157E308
1.7976931348623157E308
1.7976931348623157E308
1.7976931348623157E308
1.7976931348623157E308
1.7976931348623157E308
1.7976931348623157E308
1.7976931348623157E308
1.7976931348623157E308
1.7976931348623157E308
1.7976931348623157E308
1.7976931348623157E308
1.7976931348623157E308
1.7976931348623157E308
1.7976931348623157E308
1.7976931348623157E308
1.7976931348623157E308
1.7976931348623157E308
1.7976931348623157E308
1.7976931348623157E308
1.7976931348623157E308
1.7976931348623157E308
1.7976931348623157E308
1.7976931348623157E308
1.7976931348623157E308
1.7976931348623157E308
1.7976931348623157E308
1.7976931348623157E308
1.7976931348623157E308
1.7976931348623157E308
1.7976931348623157E308
1.7976931348623157E308
1.7976931348623157E308
1.7976931348623157E308
1.7976931348623157E308
1.7976931348623157E308
1.7976931348623157E308
1.7976931348623157E308
1.7976931348623157E308
1.7976931348623157E308
1.7976931348623157E308
1.7976931348623157E308
1.7976931348623157E308
1.7976931348623157E308
1.7976931348623157E308
1.7976931348623157E308
1.7976931348623157E308
1.7976931348623157E308
1.7976931348623157E308
1.7976931348623157E308
1.7976931348623157E308
1.7976931348623157E308
1.7976931348623157E308
1.7976931348623157E308
1.7976931348623157E308
1.7976931348623157E308
1.7976931348623157E308
1.7976931348623157E308
1.7976931348623157E308
1.7976931348623157E308
1.7976931348623157E308
1.7976931348623157E308
1.7976931348623157E308
1.7976931348623157E308
1.7976931348623157E308
1.7976931348623157E308
1.7976931348623157E308
1.7976931348623157E308
1.7976931348623157E308
1.7976931348623157E308
1.7976931348623157E308
1.7976931348623157E308
1.7976931348623157E308
1.7976931348623157E308
1.7976931348623157E308
1.7976931348623157E308
1.7976931348623157E308
1.7976931348623157E308
1.7976931348623157E308
1.7976931348623157E308
1.7976931348623157E308
1.7976931348623157E308
1.7976931348623157E308
1.7976931348623157E308
1.7976931348623157E308
1.7976931348623157E308
1.7976931348623157E308
1.7976931348623157E308
1.7976931348623157E308
1.7976931348623157E308
1.7976931348623157E308
1.7976931348623157E308
1.7976931348623157E308
1.7976931348623157E308
1.7976931348623157E308
1.7976931348623157E308
1.7976931348623157E308
1.7976931348623157E308
1.7976931348623157E308
1.7976931348623157E308
1.7976931348623157E308
1.7976931348623157E308
1.7976931348623157E308
1.7976931348623157E308
1.7976931348623157E308
1.7976931348623157E308
1.7976931348623157E308
1.7976931348623157E308
1.7976931348623157E308
1.7976931348623157E308
1.7976931348623157E308
1.7976931348623157E308
1.7976931348623157E308
1.7976931348623157E308
1.7976931348623157E308
1.7976931348623157E308
1.7976931348623157E308
1.7976931348623157E308
1.7976931348623157E308
1.7976931348623157E308
1.7976931348623157E308
1.7976931348623157E308
1.7976931348623157E308
1.7976931348623157E308
1.7976931348623157E308
1.7976931348623157E308
1.7976931348623157E308
1.7976931348623157E308
1.7976931348623157E308
1.7976931348623157E308
1.7976931348623157E308
1.7976931348623157E308
1.7976931348623157E308
1.7976931348623157E308
1.7976931348623157E308
1.7976931348623157E308
1.7976931348623157E308
1.7976931348623157E308
1.7976931348623157E308
1.7976931348623157E308
1.7976931348623157E308
1.7976931348623157E308
1.7976931348623157E308
1.7976931348623157E308
1.7976931348623157E308
1.7976931348623157E308
1.7976931348623157E308
1.7976931348623157E308
1.7976931348623157E308
1.7976931348623157E308
1.7976931348623157E308
1.7976931348623157E308
1.7976931348623157E308
1.7976931348623157E308
1.7976931348623157E308
1.7976931348623157E308
1.7976931348623157E308
1.7976931348623157E308
1.7976931348623157E308
1.7976931348623157E308
1.7976931348623157E308
1.7976931348623157E308
1.7976931348623157E308
1.7976931348623157E308
1.7976931348623157E308
1.7976931348623157E308
1.7976931348623157E308
1.7976931348623157E308
1.7976931348623157E308
1.7976931348623157E308
1.7976931348623157E308
1.7976931348623157E308
1.7976931348623157E308
1.7976931348623157E308
1.7976931348623157E308
1.7976931348623157E308
1.7976931348623157E308
1.7976931348623157E308
1.7976931348623157E308
1.7976931348623157E308
1.7976931348623157E308
1.7976931348623157E308
1.7976931348623157E308
1.7976931348623157E308
1.7976931348623157E308
1.7976931348623157E308
1.7976931348623157E308
1.7976931348623157E308
1.7976931348623157E308
1.7976931348623157E308
1.7976931348623157E308
1.7976931348623157E308
1.7976931348623157E308
1.7976931348623157E308
1.7976931348623157E308
1.7976931348623157E308
1.7976931348623157E308
1.7976931348623157E308
1.7976931348623157E308
1.7976931348623157E308
1.7976931348623157E308
1.7976931348623157E308
1.7976931348623157E308
1.7976931348623157E308
1.7976931348623157E308
1.7976931348623157E308
1.7976931348623157E308
1.7976931348623157E308
1.7976931348623157E308
1.7976931348623157E308
1.7976931348623157E308
1.7976931348623157E308
1.7976931348623157E308
1.7976931348623157E308
1.7976931348623157E308
1.7976931348623157E308
1.7976931348623157E308
1.7976931348623157E308
1.7976931348623157E308
1.7976931348623157E308
1.7976931348623157E308
1.7976931348623157E308
1.7976931348623157E308
1.7976931348623157E308
1.7976931348623157E308
1.7976931348623157E308
1.7976931348623157E308
1.7976931348623157E308
1.7976931348623157E308
1.7976931348623157E308
1.7976931348623157E308
1.7976931348623157E308
1.7976931348623157E308
1.7976931348623157E308
1.7976931348623157E308
1.7976931348623157E308
1.7976931348623157E308
1.7976931348623157E308
1.7976931348623157E308
1.7976931348623157E308
1.7976931348623157E308
1.7976931348623157E308
1.7976931348623157E308
1.7976931348623157E308
1.7976931348623157E308
1.7976931348623157E308
1.7976931348623157E308
1.7976931348623157E308
1.7976931348623157E308
1.7976931348623157E308
1.7976931348623157E308
1.7976931348623157E308
1.7976931348623157E308
1.7976931348623157E308
1.7976931348623157E308
1.7976931348623157E308
1.7976931348623157E308
1.7976931348623157E308
1.7976931348623157E308
1.7976931348623157E308
1.7976931348623157E308
1.7976931348623157E308
1.7976931348623157E308
1.7976931348623157E308
1.7976931348623157E308
1.7976931348623157E308
1.7976931348623157E308
1.7976931348623157E308
1.7976931348623157E308
1.7976931348623157E308
1.7976931348623157E308
1.7976931348623157E308
1.7976931348623157E308
1.7976931348623157E308
1.7976931348623157E308
1.7976931348623157E308
1.7976931348623157E308
1.7976931348623157E308
1.7976931348623157E308
1.7976931348623157E308
1.7976931348623157E308
1.7976931348623157E308
1.7976931348623157E308
1.7976931348623157E308
1.7976931348623157E308
1.7976931348623157E308
1.7976931348623157E308
1.7976931348623157E308
1.7976931348623157E308
1.7976931348623157E308
1.7976931348623157E308
1.7976931348623157E308
1.7976931348623157E308
1.7976931348623157E308
1.7976931348623157E308
1.7976931348623157E308
1.7976931348623157E308
1.7976931348623157E308
1.7976931348623157E308
1.7976931348623157E308
1.7976931348623157E308
1.7976931348623157E308
1.7976931348623157E308
1.7976931348623157E308
1.7976931348623157E308
1.7976931348623157E308
1.7976931348623157E308
1.7976931348623157E308
1.7976931348623157E308
1.7976931348623157E308
1.7976931348623157E308
1.7976931348623157E308
1.7976931348623157E308
1.7976931348623157E308
1.7976931348623157E308
1.7976931348623157E308
1.7976931348623157E308
1.7976931348623157E308
1.7976931348623157E308
1.7976931348623157E308
1.7976931348623157E308
1.7976931348623157E308
1.7976931348623157E308
1.7976931348623157E308
1.7976931348623157E308
1.7976931348623157E308
1.7976931348623157E308
1.7976931348623157E308
1.7976931348623157E308
1.7976931348623157E308
1.7976931348623157E308
1.7976931348623157E308
1.7976931348623157E308
1.7976931348623157E308
1.7976931348623157E308
1.7976931348623157E308
1.7976931348623157E308
1.7976931348623157E308
1.7976931348623157E308
1.7976931348623157E308
1.7976931348623157E308
1.7976931348623157E308
1.7976931348623157E308
1.7976931348623157E308
1.7976931348623157E308
1.7976931348623157E308
1.7976931348623157E308
1.7976931348623157E308
1.7976931348623157E308
1.7976931348623157E308
1.7976931348623157E308
1.7976931348623157E308
1.7976931348623157E308
1.7976931348623157E308
1.7976931348623157E308
1.7976931348623157E308
1.7976931348623157E308
1.7976931348623157E308
1.7976931348623157E308
1.7976931348623157E308
1.7976931348623157E308
1.7976931348623157E308
1.7976931348623157E308
1.7976931348623157E308
1.7976931348623157E308
1.7976931348623157E308
1.7976931348623157E308
1.7976931348623157E308
1.7976931348623157E308
1.7976931348623157E308
1.7976931348623157E308
1.7976931348623157E308
1.7976931348623157E308
1.7976931348623157E308
1.7976931348623157E308
1.7976931348623157E308
1.7976931348623157E308
1.7976931348623157E308
1.7976931348623157E308
1.7976931348623157E308
1.7976931348623157E308
1.7976931348623157E308
1.7976931348623157E308
1.7976931348623157E308
1.7976931348623157E308
1.7976931348623157E308
1.7976931348623157E308
1.7976931348623157E308
1.7976931348623157E308
1.7976931348623157E308
1.7976931348623157E308
1.7976931348623157E308
1.7976931348623157E308
1.7976931348623157E308
1.7976931348623157E308
1.7976931348623157E308
1.7976931348623157E308
1.7976931348623157E308
1.7976931348623157E308
1.7976931348623157E308
1.7976931348623157E308
1.7976931348623157E308
1.7976931348623157E308
1.7976931348623157E308
1.7976931348623157E308
1.7976931348623157E308
1.7976931348623157E308
1.7976931348623157E308
1.7976931348623157E308
1.7976931348623157E308
1.7976931348623157E308
1.7976931348623157E308
1.7976931348623157E308
1.7976931348623157E308
1.7976931348623157E308
1.7976931348623157E308
1.7976931348623157E308
1.7976931348623157E308
1.7976931348623157E308
1.7976931348623157E308
1.7976931348623157E308
1.7976931348623157E308
1.7976931348623157E308
1.7976931348623157E308
1.7976931348623157E308
1.7976931348623157E308
1.7976931348623157E308
1.7976931348623157E308
1.7976931348623157E308
1.7976931348623157E308
1.7976931348623157E308
1.7976931348623157E308
1.7976931348623157E308
1.7976931348623157E308
1.7976931348623157E308
1.7976931348623157E308
1.7976931348623157E308
1.7976931348623157E308
1.7976931348623157E308
1.7976931348623157E308
1.7976931348623157E308
1.7976931348623157E308
1.7976931348623157E308
1.7976931348623157E308
1.7976931348623157E308
1.7976931348623157E308
1.7976931348623157E308
1.7976931348623157E308
1.7976931348623157E308
1.7976931348623157E308
1.7976931348623157E308
1.7976931348623157E308
1.7976931348623157E308
1.7976931348623157E308
1.7976931348623157E308
1.7976931348623157E308
1.7976931348623157E308
1.7976931348623157E308
1.7976931348623157E308
1.7976931348623157E308
1.7976931348623157E308
1.7976931348623157E308
1.7976931348623157E308
1.7976931348623157E308
1.7976931348623157E308
1.7976931348623157E308
1.7976931348623157E308
1.7976931348623157E308
1.7976931348623157E308
1.7976931348623157E308
1.7976931348623157E308
1.7976931348623157E308
1.7976931348623157E308
1.7976931348623157E308
1.7976931348623157E308
1.7976931348623157E308
1.7976931348623157E308
1.7976931348623157E308
1.7976931348623157E308
1.7976931348623157E308
1.7976931348623157E308
1.7976931348623157E308
1.7976931348623157E308
1.7976931348623157E308
1.7976931348623157E308
1.7976931348623157E308
1.7976931348623157E308
1.7976931348623157E308
1.7976931348623157E308
1.7976931348623157E308
1.7976931348623157E308
1.7976931348623157E308
1.7976931348623157E308
1.7976931348623157E308
1.7976931348623157E308
1.7976931348623157E308
1.7976931348623157E308
1.7976931348623157E308
1.7976931348623157E308
1.7976931348623157E308
1.7976931348623157E308
1.7976931348623157E308
1.7976931348623157E308
1.7976931348623157E308
1.7976931348623157E308
1.7976931348623157E308
1.7976931348623157E308
1.7976931348623157E308
1.7976931348623157E308
1.7976931348623157E308
1.7976931348623157E308
1.7976931348623157E308
1.7976931348623157E308
1.7976931348623157E308
1.7976931348623157E308
1.7976931348623157E308
1.7976931348623157E308
1.7976931348623157E308
1.7976931348623157E308
1.7976931348623157E308
1.7976931348623157E308
1.7976931348623157E308
1.7976931348623157E308
1.7976931348623157E308
1.7976931348623157E308
1.7976931348623157E308
1.7976931348623157E308
1.7976931348623157E308
1.7976931348623157E308
1.7976931348623157E308
1.7976931348623157E308
1.7976931348623157E308
1.7976931348623157E308
1.7976931348623157E308
1.7976931348623157E308
1.7976931348623157E308
1.7976931348623157E308
1.7976931348623157E308
1.7976931348623157E308
1.7976931348623157E308
1.7976931348623157E308
1.7976931348623157E308
1.7976931348623157E308
1.7976931348623157E308
1.7976931348623157E308
1.7976931348623157E308
1.7976931348623157E308
1.7976931348623157E308
1.7976931348623157E308
1.7976931348623157E308
1.7976931348623157E308
1.7976931348623157E308
1.7976931348623157E308
1.7976931348623157E308
1.7976931348623157E308
1.7976931348623157E308
1.7976931348623157E308
1.7976931348623157E308
1.7976931348623157E308
1.7976931348623157E308
1.7976931348623157E308
1.7976931348623157E308
1.7976931348623157E308
1.7976931348623157E308
1.7976931348623157E308
1.7976931348623157E308
1.7976931348623157E308
1.7976931348623157E308
1.7976931348623157E308
1.7976931348623157E308
1.7976931348623157E308
1.7976931348623157E308
1.7976931348623157E308
1.7976931348623157E308
1.7976931348623157E308
1.7976931348623157E308
1.7976931348623157E308
1.7976931348623157E308
1.7976931348623157E308
1.7976931348623157E308
1.7976931348623157E308
1.7976931348623157E308
1.7976931348623157E308
1.7976931348623157E308
1.7976931348623157E308
1.7976931348623157E308
1.7976931348623157E308
1.7976931348623157E308
1.7976931348623157E308
1.7976931348623157E308
1.7976931348623157E308
1.7976931348623157E308
1.7976931348623157E308
1.7976931348623157E308
1.7976931348623157E308
1.7976931348623157E308
1.7976931348623157E308
1.7976931348623157E308
1.7976931348623157E308
1.7976931348623157E308
1.7976931348623157E308
1.7976931348623157E308
1.7976931348623157E308
1.7976931348623157E308
1.7976931348623157E308
1.7976931348623157E308
1.7976931348623157E308
1.7976931348623157E308
1.7976931348623157E308
1.7976931348623157E308
1.7976931348623157E308
1.7976931348623157E308
1.7976931348623157E308
1.7976931348623157E308
1.7976931348623157E308
1.7976931348623157E308
1.7976931348623157E308
1.7976931348623157E308
1.7976931348623157E308
1.7976931348623157E308
1.7976931348623157E308
1.7976931348623157E308
1.7976931348623157E308
1.7976931348623157E308
1.7976931348623157E308
1.7976931348623157E308
1.7976931348623157E308
1.7976931348623157E308
1.7976931348623157E308
1.7976931348623157E308
1.7976931348623157E308
1.7976931348623157E308
1.7976931348623157E308
1.7976931348623157E308
1.7976931348623157E308
1.7976931348623157E308
1.7976931348623157E308
1.7976931348623157E308
1.7976931348623157E308
1.7976931348623157E308
1.7976931348623157E308
1.7976931348623157E308
1.7976931348623157E308
1.7976931348623157E308
1.7976931348623157E308
1.7976931348623157E308
1.7976931348623157E308
1.7976931348623157E308
1.7976931348623157E308
1.7976931348623157E308
1.7976931348623157E308
1.7976931348623157E308
1.7976931348623157E308
1.7976931348623157E308
1.7976931348623157E308
1.7976931348623157E308
1.7976931348623157E308
1.7976931348623157E308
1.7976931348623157E308
1.7976931348623157E308
1.7976931348623157E308
1.7976931348623157E308
1.7976931348623157E308
1.7976931348623157E308
1.7976931348623157E308
1.7976931348623157E308
1.7976931348623157E308
1.7976931348623157E308
1.7976931348623157E308
1.7976931348623157E308
1.7976931348623157E308
1.7976931348623157E308
1.7976931348623157E308
1.7976931348623157E308
1.7976931348623157E308
1.7976931348623157E308
1.7976931348623157E308
1.7976931348623157E308
1.7976931348623157E308
1.7976931348623157E308
1.7976931348623157E308
1.7976931348623157E308
1.7976931348623157E308
1.7976931348623157E308
1.7976931348623157E308
1.7976931348623157E308
1.7976931348623157E308
1.7976931348623157E308
1.7976931348623157E308
1.7976931348623157E308
1.7976931348623157E308
1.7976931348623157E308
1.7976931348623157E308
1.7976931348623157E308
1.7976931348623157E308
1.7976931348623157E308
1.7976931348623157E308
1.7976931348623157E308
1.7976931348623157E308
1.7976931348623157E308
1.7976931348623157E308
1.7976931348623157E308
1.7976931348623157E308
1.7976931348623157E308
1.7976931348623157E308
1.7976931348623157E308
1.7976931348623157E308
1.7976931348623157E308
1.7976931348623157E308
1.7976931348623157E308
1.7976931348623157E308
1.7976931348623157E308
1.7976931348623157E308
1.7976931348623157E308
1.7976931348623157E308
1.7976931348623157E308
1.7976931348623157E308
1.7976931348623157E308
1.7976931348623157E308
1.7976931348623157E308
1.7976931348623157E308
1.7976931348623157E308
1.7976931348623157E308
1.7976931348623157E308
1.7976931348623157E308
1.7976931348623157E308
1.7976931348623157E308
1.7976931348623157E308
1.7976931348623157E308
1.7976931348623157E308
1.7976931348623157E308
1.7976931348623157E308
1.7976931348623157E308
1.7976931348623157E308
1.7976931348623157E308
1.7976931348623157E308
1.7976931348623157E308
1.7976931348623157E308
1.7976931348623157E308
1.7976931348623157E308
1.7976931348623157E308
1.7976931348623157E308
1.7976931348623157E308
1.7976931348623157E308
1.7976931348623157E308
1.7976931348623157E308
1.7976931348623157E308
1.7976931348623157E308
1.7976931348623157E308
1.7976931348623157E308
1.7976931348623157E308
1.7976931348623157E308
1.7976931348623157E308
1.7976931348623157E308
1.7976931348623157E308
1.7976931348623157E308
1.7976931348623157E308
1.7976931348623157E308
1.7976931348623157E308
1.7976931348623157E308
1.7976931348623157E308
1.7976931348623157E308
1.7976931348623157E308
1.7976931348623157E308
1.7976931348623157E308
1.7976931348623157E308
1.7976931348623157E308
1.7976931348623157E308
1.7976931348623157E308
1.7976931348623157E308
1.7976931348623157E308
1.7976931348623157E308
1.7976931348623157E308
1.7976931348623157E308
1.7976931348623157E308
1.7976931348623157E308
1.7976931348623157E308
1.7976931348623157E308
1.7976931348623157E308
1.7976931348623157E308
1.7976931348623157E308
1.7976931348623157E308
1.7976931348623157E308
1.7976931348623157E308
1.7976931348623157E308
1.7976931348623157E308
1.7976931348623157E308
1.7976931348623157E308
1.7976931348623157E308
1.7976931348623157E308
1.7976931348623157E308
1.7976931348623157E308
1.7976931348623157E308
1.7976931348623157E308
1.7976931348623157E308
1.7976931348623157E308
1.7976931348623157E308
1.7976931348623157E308
1.7976931348623157E308
1.7976931348623157E308
1.7976931348623157E308
1.7976931348623157E308
1.7976931348623157E308
1.7976931348623157E308
1.7976931348623157E308
1.7976931348623157E308
1.7976931348623157E308
1.7976931348623157E308
1.7976931348623157E308
1.7976931348623157E308
1.7976931348623157E308
1.7976931348623157E308
1.7976931348623157E308
1.7976931348623157E308
1.7976931348623157E308
1.7976931348623157E308
1.7976931348623157E308
1.7976931348623157E308
1.7976931348623157E308
1.7976931348623157E308
1.7976931348623157E308
1.7976931348623157E308
1.7976931348623157E308
1.7976931348623157E308
1.7976931348623157E308
1.7976931348623157E308
1.7976931348623157E308
1.7976931348623157E308
1.7976931348623157E308
1.7976931348623157E308
1.7976931348623157E308
1.7976931348623157E308
1.7976931348623157E308
1.7976931348623157E308
1.7976931348623157E308
1.7976931348623157E308
1.7976931348623157E308
1.7976931348623157E308
1.7976931348623157E308
1.7976931348623157E308
1.7976931348623157E308
1.7976931348623157E308
1.7976931348623157E308
1.7976931348623157E308
1.7976931348623157E308
1.7976931348623157E308
1.7976931348623157E308
1.7976931348623157E308
1.7976931348623157E308
1.7976931348623157E308
1.7976931348623157E308
1.7976931348623157E308
1.7976931348623157E308
1.7976931348623157E308
1.7976931348623157E308
1.7976931348623157E308
1.7976931348623157E308
1.7976931348623157E308
1.7976931348623157E308
1.7976931348623157E308
1.7976931348623157E308
1.7976931348623157E308
1.7976931348623157E308
1.7976931348623157E308
1.7976931348623157E308
1.7976931348623157E308
1.7976931348623157E308
1.7976931348623157E308
1.7976931348623157E308
1.7976931348623157E308
1.7976931348623157E308
1.7976931348623157E308
1.7976931348623157E308
1.7976931348623157E308
1.7976931348623157E308
1.7976931348623157E308
1.7976931348623157E308
1.7976931348623157E308
1.7976931348623157E308
1.7976931348623157E308
1.7976931348623157E308
1.7976931348623157E308
1.7976931348623157E308
1.7976931348623157E308
1.7976931348623157E308
1.7976931348623157E308
1.7976931348623157E308
1.7976931348623157E308
1.7976931348623157E308
1.7976931348623157E308
1.7976931348623157E308
1.7976931348623157E308
1.7976931348623157E308
1.7976931348623157E308
1.7976931348623157E308
1.7976931348623157E308
1.7976931348623157E308
1.7976931348623157E308
1.7976931348623157E308
1.7976931348623157E308
1.7976931348623157E308
1.7976931348623157E308
1.7976931348623157E308
1.7976931348623157E308
1.7976931348623157E308
1.7976931348623157E308
1.7976931348623157E308
1.7976931348623157E308
1.7976931348623157E308
1.7976931348623157E308
1.7976931348623157E308
1.7976931348623157E308
1.7976931348623157E308
1.7976931348623157E308
1.7976931348623157E308
1.7976931348623157E308
1.7976931348623157E308
1.7976931348623157E308
1.7976931348623157E308
1.7976931348623157E308
1.7976931348623157E308
1.7976931348623157E308
1.7976931348623157E308
1.7976931348623157E308
1.7976931348623157E308
1.7976931348623157E308
1.7976931348623157E308
1.7976931348623157E308
1.7976931348623157E308
1.7976931348623157E308
1.7976931348623157E308
1.7976931348623157E308
1.7976931348623157E308
1.7976931348623157E308
1.7976931348623157E308
1.7976931348623157E308
1.7976931348623157E308
1.7976931348623157E308
1.7976931348623157E308
1.7976931348623157E308
1.7976931348623157E308
1.7976931348623157E308
1.7976931348623157E308
1.7976931348623157E308
1.7976931348623157E308
1.7976931348623157E308
1.7976931348623157E308
1.7976931348623157E308
1.7976931348623157E308
1.7976931348623157E308
1.7976931348623157E308
1.7976931348623157E308
1.7976931348623157E308
1.7976931348623157E308
1.7976931348623157E308
1.7976931348623157E308
1.7976931348623157E308
1.7976931348623157E308
1.7976931348623157E308
1.7976931348623157E308
1.7976931348623157E308
1.7976931348623157E308
1.7976931348623157E308
1.7976931348623157E308
1.7976931348623157E308
1.7976931348623157E308
1.7976931348623157E308
1.7976931348623157E308
1.7976931348623157E308
1.7976931348623157E308
1.7976931348623157E308
1.7976931348623157E308
1.7976931348623157E308
1.7976931348623157E308
1.7976931348623157E308
1.7976931348623157E308
1.7976931348623157E308
1.7976931348623157E308
1.7976931348623157E308
1.7976931348623157E308
1.7976931348623157E308
1.7976931348623157E308
1.7976931348623157E308
1.7976931348623157E308
1.7976931348623157E308
1.7976931348623157E308
1.7976931348623157E308
1.7976931348623157E308
1.7976931348623157E308
1.7976931348623157E308
1.7976931348623157E308
1.7976931348623157E308
1.7976931348623157E308
1.7976931348623157E308
1.7976931348623157E308
1.7976931348623157E308
1.7976931348623157E308
1.7976931348623157E308
1.7976931348623157E308
1.7976931348623157E308
1.7976931348623157E308
1.7976931348623157E308
1.7976931348623157E308
1.7976931348623157E308
1.7976931348623157E308
1.7976931348623157E308
1.7976931348623157E308
1.7976931348623157E308
1.7976931348623157E308
1.7976931348623157E308
1.7976931348623157E308
1.7976931348623157E308
1.7976931348623157E308
1.7976931348623157E308
1.7976931348623157E308
1.7976931348623157E308
1.7976931348623157E308
1.7976931348623157E308
1.7976931348623157E308
1.7976931348623157E308
1.7976931348623157E308
1.7976931348623157E308
1.7976931348623157E308
1.7976931348623157E308
1.7976931348623157E308
1.7976931348623157E308
1.7976931348623157E308
1.7976931348623157E308
1.7976931348623157E308
1.7976931348623157E308
1.7976931348623157E308
1.7976931348623157E308
1.7976931348623157E308
1.7976931348623157E308
1.7976931348623157E308
1.7976931348623157E308
1.7976931348623157E308
1.7976931348623157E308
1.7976931348623157E308
1.7976931348623157E308
1.7976931348623157E308
1.7976931348623157E308
1.7976931348623157E308
1.7976931348623157E308
1.7976931348623157E308
1.7976931348623157E308
1.7976931348623157E308
1.7976931348623157E308
1.7976931348623157E308
1.7976931348623157E308
1.7976931348623157E308
1.7976931348623157E308
1.7976931348623157E308
1.7976931348623157E308
1.7976931348623157E308
1.7976931348623157E308
1.7976931348623157E308
1.7976931348623157E308
1.7976931348623157E308
1.7976931348623157E308
1.7976931348623157E308
1.7976931348623157E308
1.7976931348623157E308
1.7976931348623157E308
1.7976931348623157E308
1.7976931348623157E308
1.7976931348623157E308
1.7976931348623157E308
1.7976931348623157E308
1.7976931348623157E308
1.7976931348623157E308
1.7976931348623157E308
1.7976931348623157E308
1.7976931348623157E308
1.7976931348623157E308
1.7976931348623157E308
1.7976931348623157E308
1.7976931348623157E308
1.7976931348623157E308
1.7976931348623157E308
1.7976931348623157E308
1.7976931348623157E308
1.7976931348623157E308
1.7976931348623157E308
1.7976931348623157E308
1.7976931348623157E308
1.7976931348623157E308
1.7976931348623157E308
1.7976931348623157E308
1.7976931348623157E308
1.7976931348623157E308
1.7976931348623157E308
1.7976931348623157E308
1.7976931348623157E308
1.7976931348623157E308
1.7976931348623157E308
1.7976931348623157E308
1.7976931348623157E308
1.7976931348623157E308
1.7976931348623157E308
1.7976931348623157E308
1.7976931348623157E308
1.7976931348623157E308
1.7976931348623157E308
1.7976931348623157E308
1.7976931348623157E308
1.7976931348623157E308
1.7976931348623157E308
1.7976931348623157E308
1.7976931348623157E308
1.7976931348623157E308
1.7976931348623157E308
1.7976931348623157E308
1.7976931348623157E308
1.7976931348623157E308
1.7976931348623157E308
1.7976931348623157E308
1.7976931348623157E308
1.7976931348623157E308
1.7976931348623157E308
1.7976931348623157E308
1.7976931348623157E308
1.7976931348623157E308
1.7976931348623157E308
1.7976931348623157E308
1.7976931348623157E308
1.7976931348623157E308
1.7976931348623157E308
1.7976931348623157E308
1.7976931348623157E308
1.7976931348623157E308
1.7976931348623157E308
1.7976931348623157E308
1.7976931348623157E308
1.7976931348623157E308
1.7976931348623157E308
1.7976931348623157E308
1.7976931348623157E308
1.7976931348623157E308
1.7976931348623157E308
1.7976931348623157E308
1.7976931348623157E308
1.7976931348623157E308
1.7976931348623157E308
1.7976931348623157E308
1.7976931348623157E308
1.7976931348623157E308
1.7976931348623157E308
1.7976931348623157E308
1.7976931348623157E308
1.7976931348623157E308
1.7976931348623157E308
1.7976931348623157E308
1.7976931348623157E308
1.7976931348623157E308
1.7976931348623157E308
1.7976931348623157E308
1.7976931348623157E308
1.7976931348623157E308
1.7976931348623157E308
1.7976931348623157E308
1.7976931348623157E308
1.7976931348623157E308
1.7976931348623157E308
1.7976931348623157E308
1.7976931348623157E308
1.7976931348623157E308
1.7976931348623157E308
1.7976931348623157E308
1.7976931348623157E308
1.7976931348623157E308
1.7976931348623157E308
1.7976931348623157E308
1.7976931348623157E308
1.7976931348623157E308
1.7976931348623157E308
1.7976931348623157E308
1.7976931348623157E308
1.7976931348623157E308
1.7976931348623157E308
1.7976931348623157E308
1.7976931348623157E308
1.7976931348623157E308
1.7976931348623157E308
1.7976931348623157E308
1.7976931348623157E308
1.7976931348623157E308
1.7976931348623157E308
1.7976931348623157E308
1.7976931348623157E308
1.7976931348623157E308
1.7976931348623157E308
1.7976931348623157E308
1.7976931348623157E308
1.7976931348623157E308
1.7976931348623157E308
1.7976931348623157E308
1.7976931348623157E308
1.7976931348623157E308
1.7976931348623157E308
1.7976931348623157E308
1.7976931348623157E308
1.7976931348623157E308
1.7976931348623157E308
1.7976931348623157E308
1.7976931348623157E308
1.7976931348623157E308
1.7976931348623157E308
1.7976931348623157E308
1.7976931348623157E308
1.7976931348623157E308
1.7976931348623157E308
1.7976931348623157E308
1.7976931348623157E308
1.7976931348623157E308
1.7976931348623157E308
1.7976931348623157E308
1.7976931348623157E308
1.7976931348623157E308
1.7976931348623157E308
1.7976931348623157E308
1.7976931348623157E308
1.7976931348623157E308
1.7976931348623157E308
1.7976931348623157E308
1.7976931348623157E308
1.7976931348623157E308
1.7976931348623157E308
1.7976931348623157E308
1.7976931348623157E308
1.7976931348623157E308
1.7976931348623157E308
1.7976931348623157E308
1.7976931348623157E308
1.7976931348623157E308
1.7976931348623157E308
1.7976931348623157E308
1.7976931348623157E308
1.7976931348623157E308
1.7976931348623157E308
1.7976931348623157E308
1.7976931348623157E308
1.7976931348623157E308
1.7976931348623157E308
1.7976931348623157E308
1.7976931348623157E308
1.7976931348623157E308
1.7976931348623157E308
1.7976931348623157E308
1.7976931348623157E308
1.7976931348623157E308
1.7976931348623157E308
1.7976931348623157E308
1.7976931348623157E308
1.7976931348623157E308
1.7976931348623157E308
1.7976931348623157E308
1.7976931348623157E308
1.7976931348623157E308
1.7976931348623157E308
1.7976931348623157E308
1.7976931348623157E308
1.7976931348623157E308
1.7976931348623157E308
1.7976931348623157E308
1.7976931348623157E308
1.7976931348623157E308
1.7976931348623157E308
1.7976931348623157E308
1.7976931348623157E308
1.7976931348623157E308
1.7976931348623157E308
1.7976931348623157E308
1.7976931348623157E308
1.7976931348623157E308
1.7976931348623157E308
1.7976931348623157E308
1.7976931348623157E308
1.7976931348623157E308
1.7976931348623157E308
1.7976931348623157E308
1.7976931348623157E308
1.7976931348623157E308
1.7976931348623157E308
1.7976931348623157E308
1.7976931348623157E308
1.7976931348623157E308
1.7976931348623157E308
1.7976931348623157E308
1.7976931348623157E308
1.7976931348623157E308
1.7976931348623157E308
1.7976931348623157E308
1.7976931348623157E308
1.7976931348623157E308
1.7976931348623157E308
1.7976931348623157E308
1.7976931348623157E308
1.7976931348623157E308
1.7976931348623157E308
1.7976931348623157E308
1.7976931348623157E308
1.7976931348623157E308
1.7976931348623157E308
1.7976931348623157E308
1.7976931348623157E308
1.7976931348623157E308
1.7976931348623157E308
1.7976931348623157E308
1.7976931348623157E308
1.7976931348623157E308
1.7976931348623157E308
1.7976931348623157E308
1.7976931348623157E308
1.7976931348623157E308
1.7976931348623157E308
1.7976931348623157E308
1.7976931348623157E308
1.7976931348623157E308
1.7976931348623157E308
1.7976931348623157E308
1.7976931348623157E308
1.7976931348623157E308
1.7976931348623157E308
1.7976931348623157E308
1.7976931348623157E308
1.7976931348623157E308
1.7976931348623157E308
1.7976931348623157E308
1.7976931348623157E308
1.7976931348623157E308
1.7976931348623157E308
1.7976931348623157E308
1.7976931348623157E308
1.7976931348623157E308
1.7976931348623157E308
1.7976931348623157E308
1.7976931348623157E308
1.7976931348623157E308
1.7976931348623157E308
1.7976931348623157E308
1.7976931348623157E308
1.7976931348623157E308
1.7976931348623157E308
1.7976931348623157E308
1.7976931348623157E308
1.7976931348623157E308
1.7976931348623157E308
1.7976931348623157E308
1.7976931348623157E308
1.7976931348623157E308
1.7976931348623157E308
1.7976931348623157E308
1.7976931348623157E308
1.7976931348623157E308
1.7976931348623157E308
1.7976931348623157E308
1.7976931348623157E308
1.7976931348623157E308
1.7976931348623157E308
1.7976931348623157E308
1.7976931348623157E308
1.7976931348623157E308
1.7976931348623157E308
1.7976931348623157E308
1.7976931348623157E308
1.7976931348623157E308
1.7976931348623157E308
1.7976931348623157E308
1.7976931348623157E308
1.7976931348623157E308
1.7976931348623157E308
1.7976931348623157E308
1.7976931348623157E308
1.7976931348623157E308
1.7976931348623157E308
1.7976931348623157E308
1.7976931348623157E308
1.7976931348623157E308
1.7976931348623157E308
1.7976931348623157E308
1.7976931348623157E308
1.7976931348623157E308
1.7976931348623157E308
1.7976931348623157E308
1.7976931348623157E308
1.7976931348623157E308
1.7976931348623157E308
1.7976931348623157E308
1.7976931348623157E308
1.7976931348623157E308
1.7976931348623157E308
1.7976931348623157E308
1.7976931348623157E308
1.7976931348623157E308
1.7976931348623157E308
1.7976931348623157E308
1.7976931348623157E308
1.7976931348623157E308
1.7976931348623157E308
1.7976931348623157E308
1.7976931348623157E308
1.7976931348623157E308
1.7976931348623157E308
1.7976931348623157E308
1.7976931348623157E308
1.7976931348623157E308
1.7976931348623157E308
1.7976931348623157E308
1.7976931348623157E308
1.7976931348623157E308
1.7976931348623157E308
1.7976931348623157E308
1.7976931348623157E308
1.7976931348623157E308
1.7976931348623157E308
1.7976931348623157E308
1.7976931348623157E308
1.7976931348623157E308
1.7976931348623157E308
1.7976931348623157E308
1.7976931348623157E308
1.7976931348623157E308
1.7976931348623157E308
1.7976931348623157E308
1.7976931348623157E308
1.7976931348623157E308
1.7976931348623157E308
1.7976931348623157E308
1.7976931348623157E308
1.7976931348623157E308
1.7976931348623157E308
1.7976931348623157E308
1.7976931348623157E308
1.7976931348623157E308
1.7976931348623157E308
1.7976931348623157E308
1.7976931348623157E308
1.7976931348623157E308
1.7976931348623157E308
1.7976931348623157E308
1.7976931348623157E308
1.7976931348623157E308
1.7976931348623157E308
1.7976931348623157E308
1.7976931348623157E308
1.7976931348623157E308
1.7976931348623157E308
1.7976931348623157E308
1.7976931348623157E308
1.7976931348623157E308
1.7976931348623157E308
1.7976931348623157E308
1.7976931348623157E308
1.7976931348623157E308
1.7976931348623157E308
1.7976931348623157E308
1.7976931348623157E308
1.7976931348623157E308
1.7976931348623157E308
1.7976931348623157E308
1.7976931348623157E308
1.7976931348623157E308
1.7976931348623157E308
1.7976931348623157E308
1.7976931348623157E308
1.7976931348623157E308
1.7976931348623157E308
1.7976931348623157E308
1.7976931348623157E308
1.7976931348623157E308
1.7976931348623157E308
1.7976931348623157E308
1.7976931348623157E308
1.7976931348623157E308
1.7976931348623157E308
1.7976931348623157E308
1.7976931348623157E308
1.7976931348623157E308
1.7976931348623157E308
1.7976931348623157E308
1.7976931348623157E308
1.7976931348623157E308
1.7976931348623157E308
1.7976931348623157E308
1.7976931348623157E308
1.7976931348623157E308
1.7976931348623157E308
1.7976931348623157E308
1.7976931348623157E308
1.7976931348623157E308
1.7976931348623157E308
1.7976931348623157E308
1.7976931348623157E308
1.7976931348623157E308
1.7976931348623157E308
1.7976931348623157E308
1.7976931348623157E308
1.7976931348623157E308
1.7976931348623157E308
1.7976931348623157E308
1.7976931348623157E308
1.7976931348623157E308
1.7976931348623157E308
1.7976931348623157E308
1.7976931348623157E308
1.7976931348623157E308
1.7976931348623157E308
1.7976931348623157E308
1.7976931348623157E308
1.7976931348623157E308
1.7976931348623157E308
1.7976931348623157E308
1.7976931348623157E308
1.7976931348623157E308
1.7976931348623157E308
1.7976931348623157E308
1.7976931348623157E308
1.7976931348623157E308
1.7976931348623157E308
1.7976931348623157E308
1.7976931348623157E308
1.7976931348623157E308
1.7976931348623157E308
1.7976931348623157E308
1.7976931348623157E308
1.7976931348623157E308
1.7976931348623157E308
1.7976931348623157E308
1.7976931348623157E308
1.7976931348623157E308
1.7976931348623157E308
1.7976931348623157E308
1.7976931348623157E308
1.7976931348623157E308
1.7976931348623157E308
1.7976931348623157E308
1.7976931348623157E308
1.7976931348623157E308
1.7976931348623157E308
1.7976931348623157E308
1.7976931348623157E308
1.7976931348623157E308
1.7976931348623157E308
1.7976931348623157E308
1.7976931348623157E308
1.7976931348623157E308
1.7976931348623157E308
1.7976931348623157E308
1.7976931348623157E308
1.7976931348623157E308
1.7976931348623157E308
1.7976931348623157E308
1.7976931348623157E308
1.7976931348623157E308
1.7976931348623157E308
1.7976931348623157E308
1.7976931348623157E308
1.7976931348623157E308
1.7976931348623157E308
1.7976931348623157E308
1.7976931348623157E308
1.7976931348623157E308
1.7976931348623157E308
1.7976931348623157E308
1.7976931348623157E308
1.7976931348623157E308
1.7976931348623157E308
1.7976931348623157E308
1.7976931348623157E308
1.7976931348623157E308
1.7976931348623157E308
1.7976931348623157E308
1.7976931348623157E308
1.7976931348623157E308
1.7976931348623157E308
1.7976931348623157E308
1.7976931348623157E308
1.7976931348623157E308
1.7976931348623157E308
1.7976931348623157E308
1.7976931348623157E308
1.7976931348623157E308
1.7976931348623157E308
1.7976931348623157E308
1.7976931348623157E308
1.7976931348623157E308
1.7976931348623157E308
1.7976931348623157E308
1.7976931348623157E308
1.7976931348623157E308
1.7976931348623157E308
1.7976931348623157E308
1.7976931348623157E308
1.7976931348623157E308
1.7976931348623157E308
1.7976931348623157E308
1.7976931348623157E308
1.7976931348623157E308
1.7976931348623157E308
1.7976931348623157E308
1.7976931348623157E308
1.7976931348623157E308
1.7976931348623157E308
1.7976931348623157E308
1.7976931348623157E308
1.7976931348623157E308
1.7976931348623157E308
1.7976931348623157E308
1.7976931348623157E308
1.7976931348623157E308
1.7976931348623157E308
1.7976931348623157E308
1.7976931348623157E308
1.7976931348623157E308
1.7976931348623157E308
1.7976931348623157E308
1.7976931348623157E308
1.7976931348623157E308
1.7976931348623157E308
1.7976931348623157E308
1.7976931348623157E308
1.7976931348623157E308
1.7976931348623157E308
1.7976931348623157E308
1.7976931348623157E308
1.7976931348623157E308
1.7976931348623157E308
1.7976931348623157E308
1.7976931348623157E308
1.7976931348623157E308
1.7976931348623157E308
1.7976931348623157E308
1.7976931348623157E308
1.7976931348623157E308
1.7976931348623157E308
1.7976931348623157E308
1.7976931348623157E308
1.7976931348623157E308
1.7976931348623157E308
1.7976931348623157E308
1.7976931348623157E308
1.7976931348623157E308
1.7976931348623157E308
1.7976931348623157E308
1.7976931348623157E308
1.7976931348623157E308
1.7976931348623157E308
1.7976931348623157E308
1.7976931348623157E308
1.7976931348623157E308
1.7976931348623157E308
1.7976931348623157E308
1.7976931348623157E308
1.7976931348623157E308
1.7976931348623157E308
1.7976931348623157E308
1.7976931348623157E308
1.7976931348623157E308
1.7976931348623157E308
1.7976931348623157E308
1.7976931348623157E308
1.7976931348623157E308
1.7976931348623157E308
1.7976931348623157E308
1.7976931348623157E308
1.7976931348623157E308
1.7976931348623157E308
1.7976931348623157E308
1.7976931348623157E308
1.7976931348623157E308
1.7976931348623157E308
1.7976931348623157E308
1.7976931348623157E308
1.7976931348623157E308
1.7976931348623157E308
1.7976931348623157E308
1.7976931348623157E308
1.7976931348623157E308
1.7976931348623157E308
1.7976931348623157E308
1.7976931348623157E308
1.7976931348623157E308
1.7976931348623157E308
1.7976931348623157E308
1.7976931348623157E308
1.7976931348623157E308
1.7976931348623157E308
1.7976931348623157E308
1.7976931348623157E308
1.7976931348623157E308
1.7976931348623157E308
1.7976931348623157E308
1.7976931348623157E308
1.7976931348623157E308
1.7976931348623157E308
1.7976931348623157E308
1.7976931348623157E308
1.7976931348623157E308
1.7976931348623157E308
1.7976931348623157E308
1.7976931348623157E308
1.7976931348623157E308
1.7976931348623157E308
1.7976931348623157E308
1.7976931348623157E308
1.7976931348623157E308
1.7976931348623157E308
1.7976931348623157E308
1.7976931348623157E308
1.7976931348623157E308
1.7976931348623157E308
1.7976931348623157E308
1.7976931348623157E308
1.7976931348623157E308
1.7976931348623157E308
1.7976931348623157E308
1.7976931348623157E308
1.7976931348623157E308
1.7976931348623157E308
1.7976931348623157E308
1.7976931348623157E308
1.7976931348623157E308
1.7976931348623157E308
1.7976931348623157E308
1.7976931348623157E308
1.7976931348623157E308
1.7976931348623157E308
1.7976931348623157E308
1.7976931348623157E308
1.7976931348623157E308
1.7976931348623157E308
1.7976931348623157E308
1.7976931348623157E308
1.7976931348623157E308
1.7976931348623157E308
1.7976931348623157E308
1.7976931348623157E308
1.7976931348623157E308
1.7976931348623157E308
1.7976931348623157E308
1.7976931348623157E308
1.7976931348623157E308
1.7976931348623157E308
1.7976931348623157E308
1.7976931348623157E308
1.7976931348623157E308
1.7976931348623157E308
1.7976931348623157E308
1.7976931348623157E308
1.7976931348623157E308
1.7976931348623157E308
1.7976931348623157E308
1.7976931348623157E308
1.7976931348623157E308
1.7976931348623157E308
1.7976931348623157E308
1.7976931348623157E308
1.7976931348623157E308
1.7976931348623157E308
1.7976931348623157E308
1.7976931348623157E308
1.7976931348623157E308
1.7976931348623157E308
1.7976931348623157E308
1.7976931348623157E308
1.7976931348623157E308
1.7976931348623157E308
1.7976931348623157E308
1.7976931348623157E308
1.7976931348623157E308
1.7976931348623157E308
1.7976931348623157E308
1.7976931348623157E308
1.7976931348623157E308
1.7976931348623157E308
1.7976931348623157E308
1.7976931348623157E308
1.7976931348623157E308
1.7976931348623157E308
1.7976931348623157E308
1.7976931348623157E308
1.7976931348623157E308
1.7976931348623157E308
1.7976931348623157E308
1.7976931348623157E308
1.7976931348623157E308
1.7976931348623157E308
1.7976931348623157E308
1.7976931348623157E308
1.7976931348623157E308
1.7976931348623157E308
1.7976931348623157E308
1.7976931348623157E308
1.7976931348623157E308
1.7976931348623157E308
1.7976931348623157E308
1.7976931348623157E308
1.7976931348623157E308
1.7976931348623157E308
1.7976931348623157E308
1.7976931348623157E308
1.7976931348623157E308
1.7976931348623157E308
1.7976931348623157E308
1.7976931348623157E308
1.7976931348623157E308
1.7976931348623157E308
1.7976931348623157E308
1.7976931348623157E308
1.7976931348623157E308
1.7976931348623157E308
1.7976931348623157E308
1.7976931348623157E308
1.7976931348623157E308
1.7976931348623157E308
1.7976931348623157E308
1.7976931348623157E308
1.7976931348623157E308
1.7976931348623157E308
1.7976931348623157E308
1.7976931348623157E308
1.7976931348623157E308
1.7976931348623157E308
1.7976931348623157E308
1.7976931348623157E308
1.7976931348623157E308
1.7976931348623157E308
1.7976931348623157E308
1.7976931348623157E308
1.7976931348623157E308
1.7976931348623157E308
1.7976931348623157E308
1.7976931348623157E308
1.7976931348623157E308
1.7976931348623157E308
1.7976931348623157E308
1.7976931348623157E308
1.7976931348623157E308
1.7976931348623157E308
1.7976931348623157E308
1.7976931348623157E308
1.7976931348623157E308
1.7976931348623157E308
1.7976931348623157E308
1.7976931348623157E308
1.7976931348623157E308
1.7976931348623157E308
1.7976931348623157E308
1.7976931348623157E308
1.7976931348623157E308
1.7976931348623157E308
1.7976931348623157E308
1.7976931348623157E308
1.7976931348623157E308
1.7976931348623157E308
1.7976931348623157E308
1.7976931348623157E308
1.7976931348623157E308
1.7976931348623157E308
1.7976931348623157E308
1.7976931348623157E308
1.7976931348623157E308
1.7976931348623157E308
1.7976931348623157E308
1.7976931348623157E308
1.7976931348623157E308
1.7976931348623157E308
1.7976931348623157E308
1.7976931348623157E308
1.7976931348623157E308
1.7976931348623157E308
1.7976931348623157E308
1.7976931348623157E308
1.7976931348623157E308
1.7976931348623157E308
1.7976931348623157E308
1.7976931348623157E308
1.7976931348623157E308
1.7976931348623157E308
1.7976931348623157E308
1.7976931348623157E308
1.7976931348623157E308
1.7976931348623157E308
1.7976931348623157E308
1.7976931348623157E308
1.7976931348623157E308
1.7976931348623157E308
1.7976931348623157E308
1.7976931348623157E308
1.7976931348623157E308
1.7976931348623157E308
1.7976931348623157E308
1.7976931348623157E308
1.7976931348623157E308
1.7976931348623157E308
1.7976931348623157E308
1.7976931348623157E308
1.7976931348623157E308
1.7976931348623157E308
1.7976931348623157E308
1.7976931348623157E308
1.7976931348623157E308
1.7976931348623157E308
1.7976931348623157E308
1.7976931348623157E308
1.7976931348623157E308
1.7976931348623157E308
1.7976931348623157E308
1.7976931348623157E308
1.7976931348623157E308
1.7976931348623157E308
1.7976931348623157E308
1.7976931348623157E308
1.7976931348623157E308
1.7976931348623157E308
1.7976931348623157E308
1.7976931348623157E308
1.7976931348623157E308
1.7976931348623157E308
1.7976931348623157E308
1.7976931348623157E308
1.7976931348623157E308
1.7976931348623157E308
1.7976931348623157E308
1.7976931348623157E308
1.7976931348623157E308
1.7976931348623157E308
1.7976931348623157E308
1.7976931348623157E308
1.7976931348623157E308
1.7976931348623157E308
1.7976931348623157E308
1.7976931348623157E308
1.7976931348623157E308
1.7976931348623157E308
1.7976931348623157E308
1.7976931348623157E308
1.7976931348623157E308
1.7976931348623157E308
1.7976931348623157E308
1.7976931348623157E308
1.7976931348623157E308
1.7976931348623157E308
1.7976931348623157E308
1.7976931348623157E308
1.7976931348623157E308
1.7976931348623157E308
1.7976931348623157E308
1.7976931348623157E308
1.7976931348623157E308
1.7976931348623157E308
1.7976931348623157E308
1.7976931348623157E308
1.7976931348623157E308
1.7976931348623157E308
1.7976931348623157E308
1.7976931348623157E308
1.7976931348623157E308
1.7976931348623157E308
1.7976931348623157E308
1.7976931348623157E308
1.7976931348623157E308
1.7976931348623157E308
1.7976931348623157E308
1.7976931348623157E308
1.7976931348623157E308
1.7976931348623157E308
1.7976931348623157E308
1.7976931348623157E308
1.7976931348623157E308
1.7976931348623157E308
1.7976931348623157E308
1.7976931348623157E308
1.7976931348623157E308
1.7976931348623157E308
1.7976931348623157E308
1.7976931348623157E308
1.7976931348623157E308
1.7976931348623157E308
1.7976931348623157E308
1.7976931348623157E308
1.7976931348623157E308
1.7976931348623157E308
1.7976931348623157E308
1.7976931348623157E308
1.7976931348623157E308
1.7976931348623157E308
1.7976931348623157E308
1.7976931348623157E308
1.7976931348623157E308
1.7976931348623157E308
1.7976931348623157E308
1.7976931348623157E308
1.7976931348623157E308
1.7976931348623157E308
1.7976931348623157E308
1.7976931348623157E308
1.7976931348623157E308
1.7976931348623157E308
1.7976931348623157E308
1.7976931348623157E308
1.7976931348623157E308
1.7976931348623157E308
1.7976931348623157E308
1.7976931348623157E308
1.7976931348623157E308
1.7976931348623157E308
1.7976931348623157E308
1.7976931348623157E308
1.7976931348623157E308
1.7976931348623157E308
1.7976931348623157E308
1.7976931348623157E308
1.7976931348623157E308
1.7976931348623157E308
1.7976931348623157E308
1.7976931348623157E308
1.7976931348623157E308
1.7976931348623157E308
1.7976931348623157E308
1.7976931348623157E308
1.7976931348623157E308
1.7976931348623157E308
1.7976931348623157E308
1.7976931348623157E308
1.7976931348623157E308
1.7976931348623157E308
1.7976931348623157E308
1.7976931348623157E308
1.7976931348623157E308
1.7976931348623157E308
1.7976931348623157E308
1.7976931348623157E308
1.7976931348623157E308
1.7976931348623157E308
1.7976931348623157E308
1.7976931348623157E308
1.7976931348623157E308
1.7976931348623157E308
1.7976931348623157E308
1.7976931348623157E308
1.7976931348623157E308
1.7976931348623157E308
1.7976931348623157E308
1.7976931348623157E308
1.7976931348623157E308
1.7976931348623157E308
1.7976931348623157E308
1.7976931348623157E308
1.7976931348623157E308
1.7976931348623157E308
1.7976931348623157E308
1.7976931348623157E308
1.7976931348623157E308
1.7976931348623157E308
1.7976931348623157E308
1.7976931348623157E308
1.7976931348623157E308
1.7976931348623157E308
1.7976931348623157E308
1.7976931348623157E308
1.7976931348623157E308
1.7976931348623157E308
1.7976931348623157E308
1.7976931348623157E308
1.7976931348623157E308
1.7976931348623157E308
1.7976931348623157E308
1.7976931348623157E308
1.7976931348623157E308
1.7976931348623157E308
1.7976931348623157E308
1.7976931348623157E308
1.7976931348623157E308
1.7976931348623157E308
1.7976931348623157E308
1.7976931348623157E308
1.7976931348623157E308
1.7976931348623157E308
1.7976931348623157E308
1.7976931348623157E308
1.7976931348623157E308
1.7976931348623157E308
1.7976931348623157E308
1.7976931348623157E308
1.7976931348623157E308
1.7976931348623157E308
1.7976931348623157E308
1.7976931348623157E308
1.7976931348623157E308
1.7976931348623157E308
1.7976931348623157E308
1.7976931348623157E308
1.7976931348623157E308
1.7976931348623157E308
1.7976931348623157E308
1.7976931348623157E308
1.7976931348623157E308
1.7976931348623157E308
1.7976931348623157E308
1.7976931348623157E308
1.7976931348623157E308
1.7976931348623157E308
1.7976931348623157E308
1.7976931348623157E308
1.7976931348623157E308
1.7976931348623157E308
1.7976931348623157E308
1.7976931348623157E308
1.7976931348623157E308
1.7976931348623157E308
1.7976931348623157E308
1.7976931348623157E308
1.7976931348623157E308
1.7976931348623157E308
1.7976931348623157E308
1.7976931348623157E308
1.7976931348623157E308
1.7976931348623157E308
1.7976931348623157E308
1.7976931348623157E308
1.7976931348623157E308
1.7976931348623157E308
1.7976931348623157E308
1.7976931348623157E308
1.7976931348623157E308
1.7976931348623157E308
1.7976931348623157E308
1.7976931348623157E308
1.7976931348623157E308
1.7976931348623157E308
1.7976931348623157E308
1.7976931348623157E308
1.7976931348623157E308
1.7976931348623157E308
1.7976931348623157E308
1.7976931348623157E308
1.7976931348623157E308
1.7976931348623157E308
1.7976931348623157E308
1.7976931348623157E308
1.7976931348623157E308
1.7976931348623157E308
1.7976931348623157E308
1.7976931348623157E308
1.7976931348623157E308
1.7976931348623157E308
1.7976931348623157E308
1.7976931348623157E308
1.7976931348623157E308
1.7976931348623157E308
1.7976931348623157E308
1.7976931348623157E308
1.7976931348623157E308
1.7976931348623157E308
1.7976931348623157E308
1.7976931348623157E308
1.7976931348623157E308
1.7976931348623157E308
1.7976931348623157E308
1.7976931348623157E308
1.7976931348623157E308
1.7976931348623157E308
1.7976931348623157E308
1.7976931348623157E308
1.7976931348623157E308
1.7976931348623157E308
1.7976931348623157E308
1.7976931348623157E308
1.7976931348623157E308
1.7976931348623157E308
1.7976931348623157E308
1.7976931348623157E308
1.7976931348623157E308
1.7976931348623157E308
1.7976931348623157E308
1.7976931348623157E308
1.7976931348623157E308
1.7976931348623157E308
1.7976931348623157E308
1.7976931348623157E308
1.7976931348623157E308
1.7976931348623157E308
1.7976931348623157E308
1.7976931348623157E308
1.7976931348623157E308
1.7976931348623157E308
1.7976931348623157E308
1.7976931348623157E308
1.7976931348623157E308
1.7976931348623157E308
1.7976931348623157E308
1.7976931348623157E308
1.7976931348623157E308
1.7976931348623157E308
1.7976931348623157E308
1.7976931348623157E308
1.7976931348623157E308
1.7976931348623157E308
1.7976931348623157E308
1.7976931348623157E308
1.7976931348623157E308
1.7976931348623157E308
1.7976931348623157E308
1.7976931348623157E308
1.7976931348623157E308
1.7976931348623157E308
1.7976931348623157E308
1.7976931348623157E308
1.7976931348623157E308
1.7976931348623157E308
1.7976931348623157E308
1.7976931348623157E308
1.7976931348623157E308
1.7976931348623157E308
1.7976931348623157E308
1.7976931348623157E308
1.7976931348623157E308
1.7976931348623157E308
1.7976931348623157E308
1.7976931348623157E308
1.7976931348623157E308
1.7976931348623157E308
1.7976931348623157E308
1.7976931348623157E308
1.7976931348623157E308
1.7976931348623157E308
1.7976931348623157E308
1.7976931348623157E308
1.7976931348623157E308
1.7976931348623157E308
1.7976931348623157E308
1.7976931348623157E308
1.7976931348623157E308
1.7976931348623157E308
1.7976931348623157E308
1.7976931348623157E308
1.7976931348623157E308
1.7976931348623157E308
1.7976931348623157E308
1.7976931348623157E308
1.7976931348623157E308
1.7976931348623157E308
1.7976931348623157E308
1.7976931348623157E308
1.7976931348623157E308
1.7976931348623157E308
1.7976931348623157E308
1.7976931348623157E308
1.7976931348623157E308
1.7976931348623157E308
1.7976931348623157E308
1.7976931348623157E308
1.7976931348623157E308
1.7976931348623157E308
1.7976931348623157E308
1.7976931348623157E308
1.7976931348623157E308
1.7976931348623157E308
1.7976931348623157E308
1.7976931348623157E308
1.7976931348623157E308
1.7976931348623157E308
1.7976931348623157E308
1.7976931348623157E308
1.7976931348623157E308
1.7976931348623157E308
1.7976931348623157E308
1.7976931348623157E308
1.7976931348623157E308
1.7976931348623157E308
1.7976931348623157E308
1.7976931348623157E308
1.7976931348623157E308
1.7976931348623157E308
1.7976931348623157E308
1.7976931348623157E308
1.7976931348623157E308
1.7976931348623157E308
1.7976931348623157E308
1.7976931348623157E308
1.7976931348623157E308
1.7976931348623157E308
1.7976931348623157E308
1.7976931348623157E308
1.7976931348623157E308
1.7976931348623157E308
1.7976931348623157E308
1.7976931348623157E308
1.7976931348623157E308
1.7976931348623157E308
1.7976931348623157E308
1.7976931348623157E308
1.7976931348623157E308
1.7976931348623157E308
1.7976931348623157E308
1.7976931348623157E308
1.7976931348623157E308
1.7976931348623157E308
1.7976931348623157E308
1.7976931348623157E308
1.7976931348623157E308
1.7976931348623157E308
1.7976931348623157E308
1.7976931348623157E308
1.7976931348623157E308
1.7976931348623157E308
1.7976931348623157E308
1.7976931348623157E308
1.7976931348623157E308
1.7976931348623157E308
1.7976931348623157E308
1.7976931348623157E308
1.7976931348623157E308
1.7976931348623157E308
1.7976931348623157E308
1.7976931348623157E308
1.7976931348623157E308
1.7976931348623157E308
1.7976931348623157E308
1.7976931348623157E308
1.7976931348623157E308
1.7976931348623157E308
1.7976931348623157E308
1.7976931348623157E308
1.7976931348623157E308
1.7976931348623157E308
1.7976931348623157E308
1.7976931348623157E308
1.7976931348623157E308
1.7976931348623157E308
1.7976931348623157E308
1.7976931348623157E308
1.7976931348623157E308
1.7976931348623157E308
1.7976931348623157E308
1.7976931348623157E308
1.7976931348623157E308
1.7976931348623157E308
1.7976931348623157E308
1.7976931348623157E308
1.7976931348623157E308
1.7976931348623157E308
1.7976931348623157E308
1.7976931348623157E308
1.7976931348623157E308
1.7976931348623157E308
1.7976931348623157E308
1.7976931348623157E308
1.7976931348623157E308
1.7976931348623157E308
1.7976931348623157E308
1.7976931348623157E308
1.7976931348623157E308
1.7976931348623157E308
1.7976931348623157E308
1.7976931348623157E308
1.7976931348623157E308
1.7976931348623157E308
1.7976931348623157E308
1.7976931348623157E308
1.7976931348623157E308
1.7976931348623157E308
1.7976931348623157E308
1.7976931348623157E308
1.7976931348623157E308
1.7976931348623157E308
1.7976931348623157E308
1.7976931348623157E308
1.7976931348623157E308
1.7976931348623157E308
1.7976931348623157E308
1.7976931348623157E308
1.7976931348623157E308
1.7976931348623157E308
1.7976931348623157E308
1.7976931348623157E308
1.7976931348623157E308
1.7976931348623157E308
1.7976931348623157E308
1.7976931348623157E308
1.7976931348623157E308
1.7976931348623157E308
1.7976931348623157E308
1.7976931348623157E308
1.7976931348623157E308
1.7976931348623157E308
1.7976931348623157E308
1.7976931348623157E308
1.7976931348623157E308
1.7976931348623157E308
1.7976931348623157E308
1.7976931348623157E308
1.7976931348623157E308
1.7976931348623157E308
1.7976931348623157E308
1.7976931348623157E308
1.7976931348623157E308
1.7976931348623157E308
1.7976931348623157E308
1.7976931348623157E308
1.7976931348623157E308
1.7976931348623157E308
1.7976931348623157E308
1.7976931348623157E308
1.7976931348623157E308
1.7976931348623157E308
1.7976931348623157E308
1.7976931348623157E308
1.7976931348623157E308
1.7976931348623157E308
1.7976931348623157E308
1.7976931348623157E308
1.7976931348623157E308
1.7976931348623157E308
1.7976931348623157E308
1.7976931348623157E308
1.7976931348623157E308
1.7976931348623157E308
1.7976931348623157E308
1.7976931348623157E308
1.7976931348623157E308
1.7976931348623157E308
1.7976931348623157E308
1.7976931348623157E308
1.7976931348623157E308
1.7976931348623157E308
1.7976931348623157E308
1.7976931348623157E308
1.7976931348623157E308
1.7976931348623157E308
1.7976931348623157E308
1.7976931348623157E308
1.7976931348623157E308
1.7976931348623157E308
1.7976931348623157E308
1.7976931348623157E308
1.7976931348623157E308
1.7976931348623157E308
1.7976931348623157E308
1.7976931348623157E308
1.7976931348623157E308
1.7976931348623157E308
1.7976931348623157E308
1.7976931348623157E308
1.7976931348623157E308
1.7976931348623157E308
1.7976931348623157E308
1.7976931348623157E308
1.7976931348623157E308
1.7976931348623157E308
1.7976931348623157E308
1.7976931348623157E308
1.7976931348623157E308
1.7976931348623157E308
1.7976931348623157E308
1.7976931348623157E308
1.7976931348623157E308
1.7976931348623157E308
1.7976931348623157E308
1.7976931348623157E308
1.7976931348623157E308
1.7976931348623157E308
1.7976931348623157E308
1.7976931348623157E308
1.7976931348623157E308
1.7976931348623157E308
1.7976931348623157E308
1.7976931348623157E308
1.7976931348623157E308
1.7976931348623157E308
1.7976931348623157E308
1.7976931348623157E308
1.7976931348623157E308
1.7976931348623157E308
1.7976931348623157E308
1.7976931348623157E308
1.7976931348623157E308
1.7976931348623157E308
1.7976931348623157E308
1.7976931348623157E308
1.7976931348623157E308
1.7976931348623157E308
1.7976931348623157E308
1.7976931348623157E308
1.7976931348623157E308
1.7976931348623157E308
1.7976931348623157E308
1.7976931348623157E308
1.7976931348623157E308
1.7976931348623157E308
1.7976931348623157E308
1.7976931348623157E308
1.7976931348623157E308
1.7976931348623157E308
1.7976931348623157E308
1.7976931348623157E308
1.7976931348623157E308
1.7976931348623157E308
1.7976931348623157E308
1.7976931348623157E308
1.7976931348623157E308
1.7976931348623157E308
1.7976931348623157E308
1.7976931348623157E308
1.7976931348623157E308
1.7976931348623157E308
1.7976931348623157E308
1.7976931348623157E308
1.7976931348623157E308
1.7976931348623157E308
1.7976931348623157E308
1.7976931348623157E308
1.7976931348623157E308
1.7976931348623157E308
1.7976931348623157E308
1.7976931348623157E308
1.7976931348623157E308
1.7976931348623157E308
1.7976931348623157E308
1.7976931348623157E308
1.7976931348623157E308
1.7976931348623157E308
1.7976931348623157E308
1.7976931348623157E308
1.7976931348623157E308
1.7976931348623157E308
1.7976931348623157E308
1.7976931348623157E308
1.7976931348623157E308
1.7976931348623157E308
1.7976931348623157E308
1.7976931348623157E308
1.7976931348623157E308
1.7976931348623157E308
1.7976931348623157E308
1.7976931348623157E308
1.7976931348623157E308
1.7976931348623157E308
1.7976931348623157E308
1.7976931348623157E308
1.7976931348623157E308
1.7976931348623157E308
1.7976931348623157E308
1.7976931348623157E308
1.7976931348623157E308
1.7976931348623157E308
1.7976931348623157E308
1.7976931348623157E308
1.7976931348623157E308
1.7976931348623157E308
1.7976931348623157E308
1.7976931348623157E308
1.7976931348623157E308
1.7976931348623157E308
1.7976931348623157E308
1.7976931348623157E308
1.7976931348623157E308
1.7976931348623157E308
1.7976931348623157E308
1.7976931348623157E308
1.7976931348623157E308
1.7976931348623157E308
1.7976931348623157E308
1.7976931348623157E308
1.7976931348623157E308
1.7976931348623157E308
1.7976931348623157E308
1.7976931348623157E308
1.7976931348623157E308
1.7976931348623157E308
1.7976931348623157E308
1.7976931348623157E308
1.7976931348623157E308
1.7976931348623157E308
1.7976931348623157E308
1.7976931348623157E308
1.7976931348623157E308
1.7976931348623157E308
1.7976931348623157E308
1.7976931348623157E308
1.7976931348623157E308
1.7976931348623157E308
1.7976931348623157E308
1.7976931348623157E308
1.7976931348623157E308
1.7976931348623157E308
1.7976931348623157E308
1.7976931348623157E308
1.7976931348623157E308
1.7976931348623157E308
1.7976931348623157E308
1.7976931348623157E308
1.7976931348623157E308
1.7976931348623157E308
1.7976931348623157E308
1.7976931348623157E308
1.7976931348623157E308
1.7976931348623157E308
1.7976931348623157E308
1.7976931348623157E308
1.7976931348623157E308
1.7976931348623157E308
1.7976931348623157E308
1.7976931348623157E308
1.7976931348623157E308
1.7976931348623157E308
1.7976931348623157E308
1.7976931348623157E308
1.7976931348623157E308
1.7976931348623157E308
1.7976931348623157E308
1.7976931348623157E308
1.7976931348623157E308
1.7976931348623157E308
1.7976931348623157E308
1.7976931348623157E308
1.7976931348623157E308
1.7976931348623157E308
1.7976931348623157E308
1.7976931348623157E308
1.7976931348623157E308
1.7976931348623157E308
1.7976931348623157E308
1.7976931348623157E308
1.7976931348623157E308
1.7976931348623157E308
1.7976931348623157E308
1.7976931348623157E308
1.7976931348623157E308
1.7976931348623157E308
1.7976931348623157E308
1.7976931348623157E308
1.7976931348623157E308
1.7976931348623157E308
1.7976931348623157E308
1.7976931348623157E308
1.7976931348623157E308
1.7976931348623157E308
1.7976931348623157E308
1.7976931348623157E308
1.7976931348623157E308
1.7976931348623157E308
1.7976931348623157E308
1.7976931348623157E308
1.7976931348623157E308
1.7976931348623157E308
1.7976931348623157E308
1.7976931348623157E308
1.7976931348623157E308
1.7976931348623157E308
1.7976931348623157E308
1.7976931348623157E308
1.7976931348623157E308
1.7976931348623157E308
1.7976931348623157E308
1.7976931348623157E308
1.7976931348623157E308
1.7976931348623157E308
1.7976931348623157E308
1.7976931348623157E308
1.7976931348623157E308
1.7976931348623157E308
1.7976931348623157E308
1.7976931348623157E308
1.7976931348623157E308
1.7976931348623157E308
1.7976931348623157E308
1.7976931348623157E308
1.7976931348623157E308
1.7976931348623157E308
1.7976931348623157E308
1.7976931348623157E308
1.7976931348623157E308
1.7976931348623157E308
1.7976931348623157E308
1.7976931348623157E308
1.7976931348623157E308
1.7976931348623157E308
1.7976931348623157E308
1.7976931348623157E308
1.7976931348623157E308
1.7976931348623157E308
1.7976931348623157E308
1.7976931348623157E308
1.7976931348623157E308
1.7976931348623157E308
1.7976931348623157E308
1.7976931348623157E308
1.7976931348623157E308
1.7976931348623157E308
1.7976931348623157E308
1.7976931348623157E308
1.7976931348623157E308
1.7976931348623157E308
1.7976931348623157E308
1.7976931348623157E308
1.7976931348623157E308
1.7976931348623157E308
1.7976931348623157E308
1.7976931348623157E308
1.7976931348623157E308
1.7976931348623157E308
1.7976931348623157E308
1.7976931348623157E308
1.7976931348623157E308
1.7976931348623157E308
1.7976931348623157E308
1.7976931348623157E308
1.7976931348623157E308
1.7976931348623157E308
1.7976931348623157E308
1.7976931348623157E308
1.7976931348623157E308
1.7976931348623157E308
1.7976931348623157E308
1.7976931348623157E308
1.7976931348623157E308
1.7976931348623157E308
1.7976931348623157E308
1.7976931348623157E308
1.7976931348623157E308
1.7976931348623157E308
1.7976931348623157E308
1.7976931348623157E308
1.7976931348623157E308
1.7976931348623157E308
1.7976931348623157E308
1.7976931348623157E308
1.7976931348623157E308
1.7976931348623157E308
1.7976931348623157E308
1.7976931348623157E308
1.7976931348623157E308
1.7976931348623157E308
1.7976931348623157E308
1.7976931348623157E308
1.7976931348623157E308
1.7976931348623157E308
1.7976931348623157E308
1.7976931348623157E308
1.7976931348623157E308
1.7976931348623157E308
1.7976931348623157E308
1.7976931348623157E308
1.7976931348623157E308
1.7976931348623157E308
1.7976931348623157E308
1.7976931348623157E308
1.7976931348623157E308
1.7976931348623157E308
1.7976931348623157E308
1.7976931348623157E308
1.7976931348623157E308
1.7976931348623157E308
1.7976931348623157E308
1.7976931348623157E308
1.7976931348623157E308
1.7976931348623157E308
1.7976931348623157E308
1.7976931348623157E308
1.7976931348623157E308
1.7976931348623157E308
1.7976931348623157E308
1.7976931348623157E308
1.7976931348623157E308
1.7976931348623157E308
1.7976931348623157E308
1.7976931348623157E308
1.7976931348623157E308
1.7976931348623157E308
1.7976931348623157E308
1.7976931348623157E308
1.7976931348623157E308
1.7976931348623157E308
1.7976931348623157E308
1.7976931348623157E308
1.7976931348623157E308
1.7976931348623157E308
1.7976931348623157E308
1.7976931348623157E308
1.7976931348623157E308
1.7976931348623157E308
1.7976931348623157E308
1.7976931348623157E308
1.7976931348623157E308
1.7976931348623157E308
1.7976931348623157E308
1.7976931348623157E308
1.7976931348623157E308
1.7976931348623157E308
1.7976931348623157E308
1.7976931348623157E308
1.7976931348623157E308
1.7976931348623157E308
1.7976931348623157E308
1.7976931348623157E308
1.7976931348623157E308
1.7976931348623157E308
1.7976931348623157E308
1.7976931348623157E308
1.7976931348623157E308
1.7976931348623157E308
1.7976931348623157E308
1.7976931348623157E308
1.7976931348623157E308
1.7976931348623157E308
1.7976931348623157E308
1.7976931348623157E308
1.7976931348623157E308
1.7976931348623157E308
1.7976931348623157E308
1.7976931348623157E308
1.7976931348623157E308
1.7976931348623157E308
1.7976931348623157E308
1.7976931348623157E308
1.7976931348623157E308
1.7976931348623157E308
1.7976931348623157E308
1.7976931348623157E308
1.7976931348623157E308
1.7976931348623157E308
1.7976931348623157E308
1.7976931348623157E308
1.7976931348623157E308
1.7976931348623157E308
1.7976931348623157E308
1.7976931348623157E308
1.7976931348623157E308
1.7976931348623157E308
1.7976931348623157E308
1.7976931348623157E308
1.7976931348623157E308
1.7976931348623157E308
1.7976931348623157E308
1.7976931348623157E308
1.7976931348623157E308
1.7976931348623157E308
1.7976931348623157E308
1.7976931348623157E308
1.7976931348623157E308
1.7976931348623157E308
1.7976931348623157E308
1.7976931348623157E308
1.7976931348623157E308
1.7976931348623157E308
1.7976931348623157E308
1.7976931348623157E308
1.7976931348623157E308
1.7976931348623157E308
1.7976931348623157E308
1.7976931348623157E308
1.7976931348623157E308
1.7976931348623157E308
1.7976931348623157E308
1.7976931348623157E308
1.7976931348623157E308
1.7976931348623157E308
1.7976931348623157E308
1.7976931348623157E308
1.7976931348623157E308
1.7976931348623157E308
1.7976931348623157E308
1.7976931348623157E308
1.7976931348623157E308
1.7976931348623157E308
1.7976931348623157E308
1.7976931348623157E308
1.7976931348623157E308
1.7976931348623157E308
1.7976931348623157E308
1.7976931348623157E308
1.7976931348623157E308
1.7976931348623157E308
1.7976931348623157E308
1.7976931348623157E308
1.7976931348623157E308
1.7976931348623157E308
1.7976931348623157E308
1.7976931348623157E308
1.7976931348623157E308
1.7976931348623157E308
1.7976931348623157E308
1.7976931348623157E308
1.7976931348623157E308
1.7976931348623157E308
1.7976931348623157E308
1.7976931348623157E308
1.7976931348623157E308
1.7976931348623157E308
1.7976931348623157E308
1.7976931348623157E308
1.7976931348623157E308
1.7976931348623157E308
1.7976931348623157E308
1.7976931348623157E308
1.7976931348623157E308
1.7976931348623157E308
1.7976931348623157E308
1.7976931348623157E308
1.7976931348623157E308
1.7976931348623157E308
1.7976931348623157E308
1.7976931348623157E308
1.7976931348623157E308
1.7976931348623157E308
1.7976931348623157E308
1.7976931348623157E308
1.7976931348623157E308
1.7976931348623157E308
1.7976931348623157E308
1.7976931348623157E308
1.7976931348623157E308
1.7976931348623157E308
1.7976931348623157E308
1.7976931348623157E308
1.7976931348623157E308
1.7976931348623157E308
1.7976931348623157E308
1.7976931348623157E308
1.7976931348623157E308
1.7976931348623157E308
1.7976931348623157E308
1.7976931348623157E308
1.7976931348623157E308
1.7976931348623157E308
1.7976931348623157E308
1.7976931348623157E308
1.7976931348623157E308
1.7976931348623157E308
1.7976931348623157E308
1.7976931348623157E308
1.7976931348623157E308
1.7976931348623157E308
1.7976931348623157E308
1.7976931348623157E308
1.7976931348623157E308
1.7976931348623157E308
1.7976931348623157E308
1.7976931348623157E308
1.7976931348623157E308
1.7976931348623157E308
1.7976931348623157E308
1.7976931348623157E308
1.7976931348623157E308
1.7976931348623157E308
1.7976931348623157E308
1.7976931348623157E308
1.7976931348623157E308
1.7976931348623157E308
1.7976931348623157E308
1.7976931348623157E308
1.7976931348623157E308
1.7976931348623157E308
1.7976931348623157E308
1.7976931348623157E308
1.7976931348623157E308
1.7976931348623157E308
1.7976931348623157E308
1.7976931348623157E308
1.7976931348623157E308
1.7976931348623157E308
1.7976931348623157E308
1.7976931348623157E308
1.7976931348623157E308
1.7976931348623157E308
1.7976931348623157E308
1.7976931348623157E308
1.7976931348623157E308
1.7976931348623157E308
1.7976931348623157E308
1.7976931348623157E308
1.7976931348623157E308
1.7976931348623157E308
1.7976931348623157E308
1.7976931348623157E308
1.7976931348623157E308
1.7976931348623157E308
1.7976931348623157E308
1.7976931348623157E308
1.7976931348623157E308
1.7976931348623157E308
1.7976931348623157E308
1.7976931348623157E308
1.7976931348623157E308
1.7976931348623157E308
1.7976931348623157E308
1.7976931348623157E308
1.7976931348623157E308
1.7976931348623157E308
1.7976931348623157E308
1.7976931348623157E308
1.7976931348623157E308
1.7976931348623157E308
1.7976931348623157E308
1.7976931348623157E308
1.7976931348623157E308
1.7976931348623157E308
1.7976931348623157E308
1.7976931348623157E308
1.7976931348623157E308
1.7976931348623157E308
1.7976931348623157E308
1.7976931348623157E308
1.7976931348623157E308
1.7976931348623157E308
1.7976931348623157E308
1.7976931348623157E308
1.7976931348623157E308
1.7976931348623157E308
1.7976931348623157E308
1.7976931348623157E308
1.7976931348623157E308
1.7976931348623157E308
1.7976931348623157E308
1.7976931348623157E308
1.7976931348623157E308
1.7976931348623157E308
1.7976931348623157E308
1.7976931348623157E308
1.7976931348623157E308
1.7976931348623157E308
1.7976931348623157E308
1.7976931348623157E308
1.7976931348623157E308
1.7976931348623157E308
1.7976931348623157E308
1.7976931348623157E308
1.7976931348623157E308
1.7976931348623157E308
1.7976931348623157E308
1.7976931348623157E308
1.7976931348623157E308
1.7976931348623157E308
1.7976931348623157E308
1.7976931348623157E308
1.7976931348623157E308
1.7976931348623157E308
1.7976931348623157E308
1.7976931348623157E308
1.7976931348623157E308
1.7976931348623157E308
1.7976931348623157E308
1.7976931348623157E308
1.7976931348623157E308
1.7976931348623157E308
1.7976931348623157E308
1.7976931348623157E308
1.7976931348623157E308
1.7976931348623157E308
1.7976931348623157E308
1.7976931348623157E308
1.7976931348623157E308
1.7976931348623157E308
1.7976931348623157E308
1.7976931348623157E308
1.7976931348623157E308
1.7976931348623157E308
1.7976931348623157E308
1.7976931348623157E308
1.7976931348623157E308
1.7976931348623157E308
1.7976931348623157E308
1.7976931348623157E308
1.7976931348623157E308
1.7976931348623157E308
1.7976931348623157E308
1.7976931348623157E308
1.7976931348623157E308
1.7976931348623157E308
1.7976931348623157E308
1.7976931348623157E308
1.7976931348623157E308
1.7976931348623157E308
1.7976931348623157E308
1.7976931348623157E308
1.7976931348623157E308
1.7976931348623157E308
1.7976931348623157E308
1.7976931348623157E308
1.7976931348623157E308
1.7976931348623157E308
1.7976931348623157E308
1.7976931348623157E308
1.7976931348623157E308
1.7976931348623157E308
1.7976931348623157E308
1.7976931348623157E308
1.7976931348623157E308
1.7976931348623157E308
1.7976931348623157E308
1.7976931348623157E308
1.7976931348623157E308
1.7976931348623157E308
1.7976931348623157E308
1.7976931348623157E308
1.7976931348623157E308
1.7976931348623157E308
1.7976931348623157E308
1.7976931348623157E308
1.7976931348623157E308
1.7976931348623157E308
1.7976931348623157E308
1.7976931348623157E308
1.7976931348623157E308
1.7976931348623157E308
1.7976931348623157E308
1.7976931348623157E308
1.7976931348623157E308
1.7976931348623157E308
1.7976931348623157E308
1.7976931348623157E308
1.7976931348623157E308
1.7976931348623157E308
1.7976931348623157E308
1.7976931348623157E308
1.7976931348623157E308
1.7976931348623157E308
1.7976931348623157E308
1.7976931348623157E308
1.7976931348623157E308
1.7976931348623157E308
1.7976931348623157E308
1.7976931348623157E308
1.7976931348623157E308
1.7976931348623157E308
1.7976931348623157E308
1.7976931348623157E308
1.7976931348623157E308
1.7976931348623157E308
1.7976931348623157E308
1.7976931348623157E308
1.7976931348623157E308
1.7976931348623157E308
1.7976931348623157E308
1.7976931348623157E308
1.7976931348623157E308
1.7976931348623157E308
1.7976931348623157E308
